﻿<?xml version="1.0" encoding="utf-8"?>
<PublicTimeTable>
  <CurrentDate>2010-12-09</CurrentDate>
  <VehicleSchedule>
    <BookingIdentifier>11FEB</BookingIdentifier>
    <Name>1-201</Name>
    <Type>Weekday</Type>
    <Scenario>1</Scenario>
    <Description>CT Weekday WORKING FILE; eff. 02-06-11</Description>
    <DateStamp>2010-12-09</DateStamp>
    <TimeStamp>2000-01-01T13:01:39.000</TimeStamp>
  </VehicleSchedule>
  <Route>
    <Identifier>412</Identifier>
    <Description>Silver Firs - Seattle</Description>
    <PublicIdentifier>412</PublicIdentifier>
    <FirstDirectionName>Downtown Seattle</FirstDirectionName>
    <SecondDirectionName>Silver Firs</SecondDirectionName>
  </Route>
  <PttPlaceInfo>
    <Identifier>412s</Identifier>
    <Description>412 s/b</Description>
    <ScheduleType>Weekday</ScheduleType>
    <DirectionName>Downtown Seattle</DirectionName>
    <Trip>
      <RouteIdentifier> 412</RouteIdentifier>
      <NoteCode></NoteCode>
      <SequenceNo>0</SequenceNo>
      <trp_route_public> 412</trp_route_public>
      <TimingPoint>
        <PositionInPattern>3</PositionInPattern>
        <PassingTime>2000-01-01T05:32:00.000</PassingTime>
        <NoteCode></NoteCode>
      </TimingPoint>
      <TimingPoint>
        <PositionInPattern>4</PositionInPattern>
        <PassingTime>2000-01-01T06:04:00.000</PassingTime>
        <NoteCode>e</NoteCode>
      </TimingPoint>
      <TimingPoint>
        <PositionInPattern>5</PositionInPattern>
        <PassingTime>2000-01-01T06:10:00.000</PassingTime>
        <NoteCode>e</NoteCode>
      </TimingPoint>
      <TimingPoint>
        <PositionInPattern>6</PositionInPattern>
        <PassingTime>2000-01-01T06:15:00.000</PassingTime>
        <NoteCode>e</NoteCode>
      </TimingPoint>
    </Trip>
    <Trip>
      <RouteIdentifier> 412</RouteIdentifier>
      <NoteCode></NoteCode>
      <SequenceNo>1</SequenceNo>
      <trp_route_public> 412</trp_route_public>
      <TimingPoint>
        <PositionInPattern>0</PositionInPattern>
        <PassingTime>2000-01-01T05:41:00.000</PassingTime>
        <NoteCode></NoteCode>
      </TimingPoint>
      <TimingPoint>
        <PositionInPattern>1</PositionInPattern>
        <PassingTime>2000-01-01T05:46:00.000</PassingTime>
        <NoteCode></NoteCode>
      </TimingPoint>
      <TimingPoint>
        <PositionInPattern>2</PositionInPattern>
        <PassingTime>2000-01-01T05:53:00.000</PassingTime>
        <NoteCode></NoteCode>
      </TimingPoint>
      <TimingPoint>
        <PositionInPattern>3</PositionInPattern>
        <PassingTime>2000-01-01T06:01:00.000</PassingTime>
        <NoteCode></NoteCode>
      </TimingPoint>
      <TimingPoint>
        <PositionInPattern>4</PositionInPattern>
        <PassingTime>2000-01-01T06:34:00.000</PassingTime>
        <NoteCode>e</NoteCode>
      </TimingPoint>
      <TimingPoint>
        <PositionInPattern>5</PositionInPattern>
        <PassingTime>2000-01-01T06:41:00.000</PassingTime>
        <NoteCode>e</NoteCode>
      </TimingPoint>
      <TimingPoint>
        <PositionInPattern>6</PositionInPattern>
        <PassingTime>2000-01-01T06:47:00.000</PassingTime>
        <NoteCode>e</NoteCode>
      </TimingPoint>
    </Trip>
    <Trip>
      <RouteIdentifier> 412</RouteIdentifier>
      <NoteCode></NoteCode>
      <SequenceNo>2</SequenceNo>
      <trp_route_public> 412</trp_route_public>
      <TimingPoint>
        <PositionInPattern>3</PositionInPattern>
        <PassingTime>2000-01-01T06:16:00.000</PassingTime>
        <NoteCode></NoteCode>
      </TimingPoint>
      <TimingPoint>
        <PositionInPattern>4</PositionInPattern>
        <PassingTime>2000-01-01T06:50:00.000</PassingTime>
        <NoteCode>e</NoteCode>
      </TimingPoint>
      <TimingPoint>
        <PositionInPattern>5</PositionInPattern>
        <PassingTime>2000-01-01T06:57:00.000</PassingTime>
        <NoteCode>e</NoteCode>
      </TimingPoint>
      <TimingPoint>
        <PositionInPattern>6</PositionInPattern>
        <PassingTime>2000-01-01T07:03:00.000</PassingTime>
        <NoteCode>e</NoteCode>
      </TimingPoint>
    </Trip>
    <Trip>
      <RouteIdentifier> 412</RouteIdentifier>
      <NoteCode></NoteCode>
      <SequenceNo>3</SequenceNo>
      <trp_route_public> 412</trp_route_public>
      <TimingPoint>
        <PositionInPattern>0</PositionInPattern>
        <PassingTime>2000-01-01T06:09:00.000</PassingTime>
        <NoteCode></NoteCode>
      </TimingPoint>
      <TimingPoint>
        <PositionInPattern>1</PositionInPattern>
        <PassingTime>2000-01-01T06:14:00.000</PassingTime>
        <NoteCode></NoteCode>
      </TimingPoint>
      <TimingPoint>
        <PositionInPattern>2</PositionInPattern>
        <PassingTime>2000-01-01T06:21:00.000</PassingTime>
        <NoteCode></NoteCode>
      </TimingPoint>
      <TimingPoint>
        <PositionInPattern>3</PositionInPattern>
        <PassingTime>2000-01-01T06:29:00.000</PassingTime>
        <NoteCode></NoteCode>
      </TimingPoint>
      <TimingPoint>
        <PositionInPattern>4</PositionInPattern>
        <PassingTime>2000-01-01T07:04:00.000</PassingTime>
        <NoteCode>e</NoteCode>
      </TimingPoint>
      <TimingPoint>
        <PositionInPattern>5</PositionInPattern>
        <PassingTime>2000-01-01T07:11:00.000</PassingTime>
        <NoteCode>e</NoteCode>
      </TimingPoint>
      <TimingPoint>
        <PositionInPattern>6</PositionInPattern>
        <PassingTime>2000-01-01T07:17:00.000</PassingTime>
        <NoteCode>e</NoteCode>
      </TimingPoint>
    </Trip>
    <Trip>
      <RouteIdentifier> 412</RouteIdentifier>
      <NoteCode></NoteCode>
      <SequenceNo>4</SequenceNo>
      <trp_route_public> 412</trp_route_public>
      <TimingPoint>
        <PositionInPattern>3</PositionInPattern>
        <PassingTime>2000-01-01T06:37:00.000</PassingTime>
        <NoteCode></NoteCode>
      </TimingPoint>
      <TimingPoint>
        <PositionInPattern>4</PositionInPattern>
        <PassingTime>2000-01-01T07:13:00.000</PassingTime>
        <NoteCode>e</NoteCode>
      </TimingPoint>
      <TimingPoint>
        <PositionInPattern>5</PositionInPattern>
        <PassingTime>2000-01-01T07:21:00.000</PassingTime>
        <NoteCode>e</NoteCode>
      </TimingPoint>
      <TimingPoint>
        <PositionInPattern>6</PositionInPattern>
        <PassingTime>2000-01-01T07:28:00.000</PassingTime>
        <NoteCode>e</NoteCode>
      </TimingPoint>
    </Trip>
    <Trip>
      <RouteIdentifier> 412</RouteIdentifier>
      <NoteCode></NoteCode>
      <SequenceNo>5</SequenceNo>
      <trp_route_public> 412</trp_route_public>
      <TimingPoint>
        <PositionInPattern>0</PositionInPattern>
        <PassingTime>2000-01-01T06:34:00.000</PassingTime>
        <NoteCode></NoteCode>
      </TimingPoint>
      <TimingPoint>
        <PositionInPattern>1</PositionInPattern>
        <PassingTime>2000-01-01T06:40:00.000</PassingTime>
        <NoteCode></NoteCode>
      </TimingPoint>
      <TimingPoint>
        <PositionInPattern>2</PositionInPattern>
        <PassingTime>2000-01-01T06:47:00.000</PassingTime>
        <NoteCode></NoteCode>
      </TimingPoint>
      <TimingPoint>
        <PositionInPattern>3</PositionInPattern>
        <PassingTime>2000-01-01T06:55:00.000</PassingTime>
        <NoteCode></NoteCode>
      </TimingPoint>
      <TimingPoint>
        <PositionInPattern>4</PositionInPattern>
        <PassingTime>2000-01-01T07:33:00.000</PassingTime>
        <NoteCode>e</NoteCode>
      </TimingPoint>
      <TimingPoint>
        <PositionInPattern>5</PositionInPattern>
        <PassingTime>2000-01-01T07:41:00.000</PassingTime>
        <NoteCode>e</NoteCode>
      </TimingPoint>
      <TimingPoint>
        <PositionInPattern>6</PositionInPattern>
        <PassingTime>2000-01-01T07:48:00.000</PassingTime>
        <NoteCode>e</NoteCode>
      </TimingPoint>
    </Trip>
    <Trip>
      <RouteIdentifier> 412</RouteIdentifier>
      <NoteCode></NoteCode>
      <SequenceNo>6</SequenceNo>
      <trp_route_public> 412</trp_route_public>
      <TimingPoint>
        <PositionInPattern>0</PositionInPattern>
        <PassingTime>2000-01-01T06:47:00.000</PassingTime>
        <NoteCode></NoteCode>
      </TimingPoint>
      <TimingPoint>
        <PositionInPattern>1</PositionInPattern>
        <PassingTime>2000-01-01T06:53:00.000</PassingTime>
        <NoteCode></NoteCode>
      </TimingPoint>
      <TimingPoint>
        <PositionInPattern>2</PositionInPattern>
        <PassingTime>2000-01-01T07:00:00.000</PassingTime>
        <NoteCode></NoteCode>
      </TimingPoint>
      <TimingPoint>
        <PositionInPattern>3</PositionInPattern>
        <PassingTime>2000-01-01T07:08:00.000</PassingTime>
        <NoteCode></NoteCode>
      </TimingPoint>
      <TimingPoint>
        <PositionInPattern>4</PositionInPattern>
        <PassingTime>2000-01-01T07:50:00.000</PassingTime>
        <NoteCode>e</NoteCode>
      </TimingPoint>
      <TimingPoint>
        <PositionInPattern>5</PositionInPattern>
        <PassingTime>2000-01-01T07:59:00.000</PassingTime>
        <NoteCode>e</NoteCode>
      </TimingPoint>
      <TimingPoint>
        <PositionInPattern>6</PositionInPattern>
        <PassingTime>2000-01-01T08:06:00.000</PassingTime>
        <NoteCode>e</NoteCode>
      </TimingPoint>
    </Trip>
    <Trip>
      <RouteIdentifier> 412</RouteIdentifier>
      <NoteCode></NoteCode>
      <SequenceNo>7</SequenceNo>
      <trp_route_public> 412</trp_route_public>
      <TimingPoint>
        <PositionInPattern>0</PositionInPattern>
        <PassingTime>2000-01-01T07:04:00.000</PassingTime>
        <NoteCode></NoteCode>
      </TimingPoint>
      <TimingPoint>
        <PositionInPattern>1</PositionInPattern>
        <PassingTime>2000-01-01T07:10:00.000</PassingTime>
        <NoteCode></NoteCode>
      </TimingPoint>
      <TimingPoint>
        <PositionInPattern>2</PositionInPattern>
        <PassingTime>2000-01-01T07:17:00.000</PassingTime>
        <NoteCode></NoteCode>
      </TimingPoint>
      <TimingPoint>
        <PositionInPattern>3</PositionInPattern>
        <PassingTime>2000-01-01T07:25:00.000</PassingTime>
        <NoteCode></NoteCode>
      </TimingPoint>
      <TimingPoint>
        <PositionInPattern>4</PositionInPattern>
        <PassingTime>2000-01-01T08:07:00.000</PassingTime>
        <NoteCode>e</NoteCode>
      </TimingPoint>
      <TimingPoint>
        <PositionInPattern>5</PositionInPattern>
        <PassingTime>2000-01-01T08:16:00.000</PassingTime>
        <NoteCode>e</NoteCode>
      </TimingPoint>
      <TimingPoint>
        <PositionInPattern>6</PositionInPattern>
        <PassingTime>2000-01-01T08:23:00.000</PassingTime>
        <NoteCode>e</NoteCode>
      </TimingPoint>
    </Trip>
    <Trip>
      <RouteIdentifier> 412</RouteIdentifier>
      <NoteCode></NoteCode>
      <SequenceNo>8</SequenceNo>
      <trp_route_public> 412</trp_route_public>
      <TimingPoint>
        <PositionInPattern>0</PositionInPattern>
        <PassingTime>2000-01-01T07:24:00.000</PassingTime>
        <NoteCode></NoteCode>
      </TimingPoint>
      <TimingPoint>
        <PositionInPattern>1</PositionInPattern>
        <PassingTime>2000-01-01T07:30:00.000</PassingTime>
        <NoteCode></NoteCode>
      </TimingPoint>
      <TimingPoint>
        <PositionInPattern>2</PositionInPattern>
        <PassingTime>2000-01-01T07:38:00.000</PassingTime>
        <NoteCode></NoteCode>
      </TimingPoint>
      <TimingPoint>
        <PositionInPattern>3</PositionInPattern>
        <PassingTime>2000-01-01T07:46:00.000</PassingTime>
        <NoteCode></NoteCode>
      </TimingPoint>
      <TimingPoint>
        <PositionInPattern>4</PositionInPattern>
        <PassingTime>2000-01-01T08:28:00.000</PassingTime>
        <NoteCode>e</NoteCode>
      </TimingPoint>
      <TimingPoint>
        <PositionInPattern>5</PositionInPattern>
        <PassingTime>2000-01-01T08:37:00.000</PassingTime>
        <NoteCode>e</NoteCode>
      </TimingPoint>
      <TimingPoint>
        <PositionInPattern>6</PositionInPattern>
        <PassingTime>2000-01-01T08:44:00.000</PassingTime>
        <NoteCode>e</NoteCode>
      </TimingPoint>
    </Trip>
    <Trip>
      <RouteIdentifier> 412</RouteIdentifier>
      <NoteCode></NoteCode>
      <SequenceNo>9</SequenceNo>
      <trp_route_public> 412</trp_route_public>
      <TimingPoint>
        <PositionInPattern>0</PositionInPattern>
        <PassingTime>2000-01-01T07:44:00.000</PassingTime>
        <NoteCode></NoteCode>
      </TimingPoint>
      <TimingPoint>
        <PositionInPattern>1</PositionInPattern>
        <PassingTime>2000-01-01T07:50:00.000</PassingTime>
        <NoteCode></NoteCode>
      </TimingPoint>
      <TimingPoint>
        <PositionInPattern>2</PositionInPattern>
        <PassingTime>2000-01-01T07:58:00.000</PassingTime>
        <NoteCode></NoteCode>
      </TimingPoint>
      <TimingPoint>
        <PositionInPattern>3</PositionInPattern>
        <PassingTime>2000-01-01T08:06:00.000</PassingTime>
        <NoteCode></NoteCode>
      </TimingPoint>
      <TimingPoint>
        <PositionInPattern>4</PositionInPattern>
        <PassingTime>2000-01-01T08:46:00.000</PassingTime>
        <NoteCode>e</NoteCode>
      </TimingPoint>
      <TimingPoint>
        <PositionInPattern>5</PositionInPattern>
        <PassingTime>2000-01-01T08:54:00.000</PassingTime>
        <NoteCode>e</NoteCode>
      </TimingPoint>
      <TimingPoint>
        <PositionInPattern>6</PositionInPattern>
        <PassingTime>2000-01-01T09:00:00.000</PassingTime>
        <NoteCode>e</NoteCode>
      </TimingPoint>
    </Trip>
    <Note>
      <Code>e</Code>
      <Description>Estimated time.</Description>
    </Note>
    <PttPlaceInfoPlace>
      <PlaceIdentifier>sncas</PlaceIdentifier>
      <PositionInPattern>0</PositionInPattern>
    </PttPlaceInfoPlace>
    <PttPlaceInfoPlace>
      <PlaceIdentifier>137pp</PlaceIdentifier>
      <PositionInPattern>1</PositionInPattern>
    </PttPlaceInfoPlace>
    <PttPlaceInfoPlace>
      <PlaceIdentifier>132z7</PlaceIdentifier>
      <PositionInPattern>2</PositionInPattern>
    </PttPlaceInfoPlace>
    <PttPlaceInfoPlace>
      <PlaceIdentifier>mcppr</PlaceIdentifier>
      <PositionInPattern>3</PositionInPattern>
    </PttPlaceInfoPlace>
    <PttPlaceInfoPlace>
      <PlaceIdentifier>5jeff</PlaceIdentifier>
      <PositionInPattern>4</PositionInPattern>
    </PttPlaceInfoPlace>
    <PttPlaceInfoPlace>
      <PlaceIdentifier>4unio</PlaceIdentifier>
      <PositionInPattern>5</PositionInPattern>
    </PttPlaceInfoPlace>
    <PttPlaceInfoPlace>
      <PlaceIdentifier>olvtr</PlaceIdentifier>
      <PositionInPattern>6</PositionInPattern>
    </PttPlaceInfoPlace>
  </PttPlaceInfo>
  <PttPlaceInfo>
    <Identifier>412n</Identifier>
    <Description>412 n/b</Description>
    <ScheduleType>Weekday</ScheduleType>
    <DirectionName>McCollum Park Park &amp; Ride/Silver Firs</DirectionName>
    <Trip>
      <RouteIdentifier> 412</RouteIdentifier>
      <NoteCode>b</NoteCode>
      <SequenceNo>0</SequenceNo>
      <trp_route_public> 412</trp_route_public>
      <TimingPoint>
        <PositionInPattern>0</PositionInPattern>
        <PassingTime>2000-01-01T15:05:00.000</PassingTime>
        <NoteCode></NoteCode>
      </TimingPoint>
      <TimingPoint>
        <PositionInPattern>1</PositionInPattern>
        <PassingTime>2000-01-01T15:12:00.000</PassingTime>
        <NoteCode></NoteCode>
      </TimingPoint>
      <TimingPoint>
        <PositionInPattern>2</PositionInPattern>
        <PassingTime>2000-01-01T15:20:00.000</PassingTime>
        <NoteCode></NoteCode>
      </TimingPoint>
      <TimingPoint>
        <PositionInPattern>3</PositionInPattern>
        <PassingTime>2000-01-01T15:52:00.000</PassingTime>
        <NoteCode>e</NoteCode>
      </TimingPoint>
    </Trip>
    <Trip>
      <RouteIdentifier> 412</RouteIdentifier>
      <NoteCode></NoteCode>
      <SequenceNo>1</SequenceNo>
      <trp_route_public> 412</trp_route_public>
      <TimingPoint>
        <PositionInPattern>0</PositionInPattern>
        <PassingTime>2000-01-01T15:35:00.000</PassingTime>
        <NoteCode></NoteCode>
      </TimingPoint>
      <TimingPoint>
        <PositionInPattern>1</PositionInPattern>
        <PassingTime>2000-01-01T15:43:00.000</PassingTime>
        <NoteCode></NoteCode>
      </TimingPoint>
      <TimingPoint>
        <PositionInPattern>2</PositionInPattern>
        <PassingTime>2000-01-01T15:51:00.000</PassingTime>
        <NoteCode></NoteCode>
      </TimingPoint>
      <TimingPoint>
        <PositionInPattern>3</PositionInPattern>
        <PassingTime>2000-01-01T16:26:00.000</PassingTime>
        <NoteCode>e</NoteCode>
      </TimingPoint>
      <TimingPoint>
        <PositionInPattern>4</PositionInPattern>
        <PassingTime>2000-01-01T16:31:00.000</PassingTime>
        <NoteCode>e</NoteCode>
      </TimingPoint>
      <TimingPoint>
        <PositionInPattern>5</PositionInPattern>
        <PassingTime>2000-01-01T16:39:00.000</PassingTime>
        <NoteCode>e</NoteCode>
      </TimingPoint>
      <TimingPoint>
        <PositionInPattern>6</PositionInPattern>
        <PassingTime>2000-01-01T16:47:00.000</PassingTime>
        <NoteCode>e</NoteCode>
      </TimingPoint>
    </Trip>
    <Trip>
      <RouteIdentifier> 412</RouteIdentifier>
      <NoteCode></NoteCode>
      <SequenceNo>2</SequenceNo>
      <trp_route_public> 412</trp_route_public>
      <TimingPoint>
        <PositionInPattern>0</PositionInPattern>
        <PassingTime>2000-01-01T16:08:00.000</PassingTime>
        <NoteCode></NoteCode>
      </TimingPoint>
      <TimingPoint>
        <PositionInPattern>1</PositionInPattern>
        <PassingTime>2000-01-01T16:16:00.000</PassingTime>
        <NoteCode></NoteCode>
      </TimingPoint>
      <TimingPoint>
        <PositionInPattern>2</PositionInPattern>
        <PassingTime>2000-01-01T16:25:00.000</PassingTime>
        <NoteCode></NoteCode>
      </TimingPoint>
      <TimingPoint>
        <PositionInPattern>3</PositionInPattern>
        <PassingTime>2000-01-01T17:04:00.000</PassingTime>
        <NoteCode>e</NoteCode>
      </TimingPoint>
      <TimingPoint>
        <PositionInPattern>4</PositionInPattern>
        <PassingTime>2000-01-01T17:09:00.000</PassingTime>
        <NoteCode>e</NoteCode>
      </TimingPoint>
      <TimingPoint>
        <PositionInPattern>5</PositionInPattern>
        <PassingTime>2000-01-01T17:17:00.000</PassingTime>
        <NoteCode>e</NoteCode>
      </TimingPoint>
      <TimingPoint>
        <PositionInPattern>6</PositionInPattern>
        <PassingTime>2000-01-01T17:25:00.000</PassingTime>
        <NoteCode>e</NoteCode>
      </TimingPoint>
    </Trip>
    <Trip>
      <RouteIdentifier> 412</RouteIdentifier>
      <NoteCode>b</NoteCode>
      <SequenceNo>3</SequenceNo>
      <trp_route_public> 412</trp_route_public>
      <TimingPoint>
        <PositionInPattern>0</PositionInPattern>
        <PassingTime>2000-01-01T16:23:00.000</PassingTime>
        <NoteCode></NoteCode>
      </TimingPoint>
      <TimingPoint>
        <PositionInPattern>1</PositionInPattern>
        <PassingTime>2000-01-01T16:31:00.000</PassingTime>
        <NoteCode></NoteCode>
      </TimingPoint>
      <TimingPoint>
        <PositionInPattern>2</PositionInPattern>
        <PassingTime>2000-01-01T16:40:00.000</PassingTime>
        <NoteCode></NoteCode>
      </TimingPoint>
      <TimingPoint>
        <PositionInPattern>3</PositionInPattern>
        <PassingTime>2000-01-01T17:19:00.000</PassingTime>
        <NoteCode>e</NoteCode>
      </TimingPoint>
    </Trip>
    <Trip>
      <RouteIdentifier> 412</RouteIdentifier>
      <NoteCode></NoteCode>
      <SequenceNo>4</SequenceNo>
      <trp_route_public> 412</trp_route_public>
      <TimingPoint>
        <PositionInPattern>0</PositionInPattern>
        <PassingTime>2000-01-01T16:37:00.000</PassingTime>
        <NoteCode></NoteCode>
      </TimingPoint>
      <TimingPoint>
        <PositionInPattern>1</PositionInPattern>
        <PassingTime>2000-01-01T16:46:00.000</PassingTime>
        <NoteCode></NoteCode>
      </TimingPoint>
      <TimingPoint>
        <PositionInPattern>2</PositionInPattern>
        <PassingTime>2000-01-01T16:55:00.000</PassingTime>
        <NoteCode></NoteCode>
      </TimingPoint>
      <TimingPoint>
        <PositionInPattern>3</PositionInPattern>
        <PassingTime>2000-01-01T17:35:00.000</PassingTime>
        <NoteCode>e</NoteCode>
      </TimingPoint>
      <TimingPoint>
        <PositionInPattern>4</PositionInPattern>
        <PassingTime>2000-01-01T17:40:00.000</PassingTime>
        <NoteCode>e</NoteCode>
      </TimingPoint>
      <TimingPoint>
        <PositionInPattern>5</PositionInPattern>
        <PassingTime>2000-01-01T17:48:00.000</PassingTime>
        <NoteCode>e</NoteCode>
      </TimingPoint>
      <TimingPoint>
        <PositionInPattern>6</PositionInPattern>
        <PassingTime>2000-01-01T17:56:00.000</PassingTime>
        <NoteCode>e</NoteCode>
      </TimingPoint>
    </Trip>
    <Trip>
      <RouteIdentifier> 412</RouteIdentifier>
      <NoteCode>b</NoteCode>
      <SequenceNo>5</SequenceNo>
      <trp_route_public> 412</trp_route_public>
      <TimingPoint>
        <PositionInPattern>0</PositionInPattern>
        <PassingTime>2000-01-01T16:55:00.000</PassingTime>
        <NoteCode></NoteCode>
      </TimingPoint>
      <TimingPoint>
        <PositionInPattern>1</PositionInPattern>
        <PassingTime>2000-01-01T17:04:00.000</PassingTime>
        <NoteCode></NoteCode>
      </TimingPoint>
      <TimingPoint>
        <PositionInPattern>2</PositionInPattern>
        <PassingTime>2000-01-01T17:13:00.000</PassingTime>
        <NoteCode></NoteCode>
      </TimingPoint>
      <TimingPoint>
        <PositionInPattern>3</PositionInPattern>
        <PassingTime>2000-01-01T17:53:00.000</PassingTime>
        <NoteCode>e</NoteCode>
      </TimingPoint>
    </Trip>
    <Trip>
      <RouteIdentifier> 412</RouteIdentifier>
      <NoteCode></NoteCode>
      <SequenceNo>6</SequenceNo>
      <trp_route_public> 412</trp_route_public>
      <TimingPoint>
        <PositionInPattern>0</PositionInPattern>
        <PassingTime>2000-01-01T17:10:00.000</PassingTime>
        <NoteCode></NoteCode>
      </TimingPoint>
      <TimingPoint>
        <PositionInPattern>1</PositionInPattern>
        <PassingTime>2000-01-01T17:19:00.000</PassingTime>
        <NoteCode></NoteCode>
      </TimingPoint>
      <TimingPoint>
        <PositionInPattern>2</PositionInPattern>
        <PassingTime>2000-01-01T17:28:00.000</PassingTime>
        <NoteCode></NoteCode>
      </TimingPoint>
      <TimingPoint>
        <PositionInPattern>3</PositionInPattern>
        <PassingTime>2000-01-01T18:07:00.000</PassingTime>
        <NoteCode>e</NoteCode>
      </TimingPoint>
      <TimingPoint>
        <PositionInPattern>4</PositionInPattern>
        <PassingTime>2000-01-01T18:12:00.000</PassingTime>
        <NoteCode>e</NoteCode>
      </TimingPoint>
      <TimingPoint>
        <PositionInPattern>5</PositionInPattern>
        <PassingTime>2000-01-01T18:20:00.000</PassingTime>
        <NoteCode>e</NoteCode>
      </TimingPoint>
      <TimingPoint>
        <PositionInPattern>6</PositionInPattern>
        <PassingTime>2000-01-01T18:28:00.000</PassingTime>
        <NoteCode>e</NoteCode>
      </TimingPoint>
    </Trip>
    <Trip>
      <RouteIdentifier> 412</RouteIdentifier>
      <NoteCode></NoteCode>
      <SequenceNo>7</SequenceNo>
      <trp_route_public> 412</trp_route_public>
      <TimingPoint>
        <PositionInPattern>0</PositionInPattern>
        <PassingTime>2000-01-01T17:37:00.000</PassingTime>
        <NoteCode></NoteCode>
      </TimingPoint>
      <TimingPoint>
        <PositionInPattern>1</PositionInPattern>
        <PassingTime>2000-01-01T17:45:00.000</PassingTime>
        <NoteCode></NoteCode>
      </TimingPoint>
      <TimingPoint>
        <PositionInPattern>2</PositionInPattern>
        <PassingTime>2000-01-01T17:54:00.000</PassingTime>
        <NoteCode></NoteCode>
      </TimingPoint>
      <TimingPoint>
        <PositionInPattern>3</PositionInPattern>
        <PassingTime>2000-01-01T18:31:00.000</PassingTime>
        <NoteCode>e</NoteCode>
      </TimingPoint>
      <TimingPoint>
        <PositionInPattern>4</PositionInPattern>
        <PassingTime>2000-01-01T18:36:00.000</PassingTime>
        <NoteCode>e</NoteCode>
      </TimingPoint>
      <TimingPoint>
        <PositionInPattern>5</PositionInPattern>
        <PassingTime>2000-01-01T18:44:00.000</PassingTime>
        <NoteCode>e</NoteCode>
      </TimingPoint>
      <TimingPoint>
        <PositionInPattern>6</PositionInPattern>
        <PassingTime>2000-01-01T18:51:00.000</PassingTime>
        <NoteCode>e</NoteCode>
      </TimingPoint>
    </Trip>
    <Trip>
      <RouteIdentifier> 412</RouteIdentifier>
      <NoteCode></NoteCode>
      <SequenceNo>8</SequenceNo>
      <trp_route_public> 412</trp_route_public>
      <TimingPoint>
        <PositionInPattern>0</PositionInPattern>
        <PassingTime>2000-01-01T18:07:00.000</PassingTime>
        <NoteCode></NoteCode>
      </TimingPoint>
      <TimingPoint>
        <PositionInPattern>1</PositionInPattern>
        <PassingTime>2000-01-01T18:15:00.000</PassingTime>
        <NoteCode></NoteCode>
      </TimingPoint>
      <TimingPoint>
        <PositionInPattern>2</PositionInPattern>
        <PassingTime>2000-01-01T18:23:00.000</PassingTime>
        <NoteCode></NoteCode>
      </TimingPoint>
      <TimingPoint>
        <PositionInPattern>3</PositionInPattern>
        <PassingTime>2000-01-01T18:57:00.000</PassingTime>
        <NoteCode>e</NoteCode>
      </TimingPoint>
      <TimingPoint>
        <PositionInPattern>4</PositionInPattern>
        <PassingTime>2000-01-01T19:02:00.000</PassingTime>
        <NoteCode>e</NoteCode>
      </TimingPoint>
      <TimingPoint>
        <PositionInPattern>5</PositionInPattern>
        <PassingTime>2000-01-01T19:10:00.000</PassingTime>
        <NoteCode>e</NoteCode>
      </TimingPoint>
      <TimingPoint>
        <PositionInPattern>6</PositionInPattern>
        <PassingTime>2000-01-01T19:17:00.000</PassingTime>
        <NoteCode>e</NoteCode>
      </TimingPoint>
    </Trip>
    <Note>
      <Code>b</Code>
      <Description>Trip ends at McCollum Park &amp; Ride.  Does not continue to Silver Firs.</Description>
    </Note>
    <Note>
      <Code>e</Code>
      <Description>Estimated time.</Description>
    </Note>
    <PttPlaceInfoPlace>
      <PlaceIdentifier>9stew</PlaceIdentifier>
      <PositionInPattern>0</PositionInPattern>
    </PttPlaceInfoPlace>
    <PttPlaceInfoPlace>
      <PlaceIdentifier>2spr</PlaceIdentifier>
      <PositionInPattern>1</PositionInPattern>
    </PttPlaceInfoPlace>
    <PttPlaceInfoPlace>
      <PlaceIdentifier>5jame</PlaceIdentifier>
      <PositionInPattern>2</PositionInPattern>
    </PttPlaceInfoPlace>
    <PttPlaceInfoPlace>
      <PlaceIdentifier>mcppr</PlaceIdentifier>
      <PositionInPattern>3</PositionInPattern>
    </PttPlaceInfoPlace>
    <PttPlaceInfoPlace>
      <PlaceIdentifier>132z7</PlaceIdentifier>
      <PositionInPattern>4</PositionInPattern>
    </PttPlaceInfoPlace>
    <PttPlaceInfoPlace>
      <PlaceIdentifier>137pp</PlaceIdentifier>
      <PositionInPattern>5</PositionInPattern>
    </PttPlaceInfoPlace>
    <PttPlaceInfoPlace>
      <PlaceIdentifier>sncas</PlaceIdentifier>
      <PositionInPattern>6</PositionInPattern>
    </PttPlaceInfoPlace>
  </PttPlaceInfo>
  <Place>
    <Identifier>sncas</Identifier>
    <Description>Sno-Cascade Dr &amp; 138th SE</Description>
  </Place>
  <Place>
    <Identifier>137pp</Identifier>
    <Description>Puget Park Dr &amp; 137th SE</Description>
  </Place>
  <Place>
    <Identifier>132z7</Identifier>
    <Description>132nd SE &amp; Hwy 527</Description>
  </Place>
  <Place>
    <Identifier>mcppr</Identifier>
    <Description>McCollum Park Park &amp; Ride</Description>
  </Place>
  <Place>
    <Identifier>5jeff</Identifier>
    <Description>5th &amp; Jefferson</Description>
  </Place>
  <Place>
    <Identifier>4unio</Identifier>
    <Description>4th &amp; Union</Description>
  </Place>
  <Place>
    <Identifier>olvtr</Identifier>
    <Description>Olive &amp; Terry</Description>
  </Place>
  <Place>
    <Identifier>9stew</Identifier>
    <Description>Stewart &amp; 9th</Description>
  </Place>
  <Place>
    <Identifier>2spr</Identifier>
    <Description>2nd Ave &amp; Spring St</Description>
  </Place>
  <Place>
    <Identifier>5jame</Identifier>
    <Description>5th &amp; James</Description>
  </Place>
</PublicTimeTable>