﻿<?xml version="1.0" encoding="utf-8"?>
<PublicTimeTable>
  <CurrentDate>2010-12-09</CurrentDate>
  <VehicleSchedule>
    <BookingIdentifier>11FEB</BookingIdentifier>
    <Name>1-201</Name>
    <Type>Weekday</Type>
    <Scenario>1</Scenario>
    <Description>CT Weekday WORKING FILE; eff. 02-06-11</Description>
    <DateStamp>2010-12-09</DateStamp>
    <TimeStamp>2000-01-01T13:01:39.000</TimeStamp>
  </VehicleSchedule>
  <Route>
    <Identifier>424</Identifier>
    <Description>Snohomish - Seattle</Description>
    <PublicIdentifier>424</PublicIdentifier>
    <FirstDirectionName>Downtown Seattle</FirstDirectionName>
    <SecondDirectionName>Snohomish Park &amp; Ride</SecondDirectionName>
  </Route>
  <PttPlaceInfo>
    <Identifier>424s</Identifier>
    <Description>424 s/b</Description>
    <ScheduleType>Weekday</ScheduleType>
    <DirectionName>Downtown Seattle</DirectionName>
    <Trip>
      <RouteIdentifier> 424</RouteIdentifier>
      <NoteCode></NoteCode>
      <SequenceNo>0</SequenceNo>
      <trp_route_public> 424</trp_route_public>
      <TimingPoint>
        <PositionInPattern>0</PositionInPattern>
        <PassingTime>2000-01-01T05:13:00.000</PassingTime>
        <NoteCode></NoteCode>
      </TimingPoint>
      <TimingPoint>
        <PositionInPattern>1</PositionInPattern>
        <PassingTime>2000-01-01T05:28:00.000</PassingTime>
        <NoteCode></NoteCode>
      </TimingPoint>
      <TimingPoint>
        <PositionInPattern>2</PositionInPattern>
        <PassingTime>2000-01-01T05:58:00.000</PassingTime>
        <NoteCode></NoteCode>
      </TimingPoint>
      <TimingPoint>
        <PositionInPattern>3</PositionInPattern>
        <PassingTime>2000-01-01T06:03:00.000</PassingTime>
        <NoteCode></NoteCode>
      </TimingPoint>
      <TimingPoint>
        <PositionInPattern>4</PositionInPattern>
        <PassingTime>2000-01-01T06:14:00.000</PassingTime>
        <NoteCode>e</NoteCode>
      </TimingPoint>
      <TimingPoint>
        <PositionInPattern>5</PositionInPattern>
        <PassingTime>2000-01-01T06:20:00.000</PassingTime>
        <NoteCode>e</NoteCode>
      </TimingPoint>
      <TimingPoint>
        <PositionInPattern>6</PositionInPattern>
        <PassingTime>2000-01-01T06:27:00.000</PassingTime>
        <NoteCode>e</NoteCode>
      </TimingPoint>
      <TimingPoint>
        <PositionInPattern>7</PositionInPattern>
        <PassingTime>2000-01-01T06:32:00.000</PassingTime>
        <NoteCode>e</NoteCode>
      </TimingPoint>
    </Trip>
    <Trip>
      <RouteIdentifier> 424</RouteIdentifier>
      <NoteCode></NoteCode>
      <SequenceNo>1</SequenceNo>
      <trp_route_public> 424</trp_route_public>
      <TimingPoint>
        <PositionInPattern>0</PositionInPattern>
        <PassingTime>2000-01-01T05:50:00.000</PassingTime>
        <NoteCode></NoteCode>
      </TimingPoint>
      <TimingPoint>
        <PositionInPattern>1</PositionInPattern>
        <PassingTime>2000-01-01T06:06:00.000</PassingTime>
        <NoteCode></NoteCode>
      </TimingPoint>
      <TimingPoint>
        <PositionInPattern>2</PositionInPattern>
        <PassingTime>2000-01-01T06:36:00.000</PassingTime>
        <NoteCode></NoteCode>
      </TimingPoint>
      <TimingPoint>
        <PositionInPattern>3</PositionInPattern>
        <PassingTime>2000-01-01T06:41:00.000</PassingTime>
        <NoteCode></NoteCode>
      </TimingPoint>
      <TimingPoint>
        <PositionInPattern>4</PositionInPattern>
        <PassingTime>2000-01-01T06:56:00.000</PassingTime>
        <NoteCode>e</NoteCode>
      </TimingPoint>
      <TimingPoint>
        <PositionInPattern>5</PositionInPattern>
        <PassingTime>2000-01-01T07:02:00.000</PassingTime>
        <NoteCode>e</NoteCode>
      </TimingPoint>
      <TimingPoint>
        <PositionInPattern>6</PositionInPattern>
        <PassingTime>2000-01-01T07:09:00.000</PassingTime>
        <NoteCode>e</NoteCode>
      </TimingPoint>
      <TimingPoint>
        <PositionInPattern>7</PositionInPattern>
        <PassingTime>2000-01-01T07:14:00.000</PassingTime>
        <NoteCode>e</NoteCode>
      </TimingPoint>
    </Trip>
    <Trip>
      <RouteIdentifier> 424</RouteIdentifier>
      <NoteCode></NoteCode>
      <SequenceNo>2</SequenceNo>
      <trp_route_public> 424</trp_route_public>
      <TimingPoint>
        <PositionInPattern>0</PositionInPattern>
        <PassingTime>2000-01-01T06:30:00.000</PassingTime>
        <NoteCode></NoteCode>
      </TimingPoint>
      <TimingPoint>
        <PositionInPattern>1</PositionInPattern>
        <PassingTime>2000-01-01T06:47:00.000</PassingTime>
        <NoteCode></NoteCode>
      </TimingPoint>
      <TimingPoint>
        <PositionInPattern>2</PositionInPattern>
        <PassingTime>2000-01-01T07:19:00.000</PassingTime>
        <NoteCode></NoteCode>
      </TimingPoint>
      <TimingPoint>
        <PositionInPattern>3</PositionInPattern>
        <PassingTime>2000-01-01T07:24:00.000</PassingTime>
        <NoteCode></NoteCode>
      </TimingPoint>
      <TimingPoint>
        <PositionInPattern>4</PositionInPattern>
        <PassingTime>2000-01-01T07:39:00.000</PassingTime>
        <NoteCode>e</NoteCode>
      </TimingPoint>
      <TimingPoint>
        <PositionInPattern>5</PositionInPattern>
        <PassingTime>2000-01-01T07:49:00.000</PassingTime>
        <NoteCode>e</NoteCode>
      </TimingPoint>
      <TimingPoint>
        <PositionInPattern>6</PositionInPattern>
        <PassingTime>2000-01-01T07:56:00.000</PassingTime>
        <NoteCode>e</NoteCode>
      </TimingPoint>
      <TimingPoint>
        <PositionInPattern>7</PositionInPattern>
        <PassingTime>2000-01-01T08:02:00.000</PassingTime>
        <NoteCode>e</NoteCode>
      </TimingPoint>
    </Trip>
    <Note>
      <Code>e</Code>
      <Description>Estimated time.</Description>
    </Note>
    <PttPlaceInfoPlace>
      <PlaceIdentifier>snopr</PlaceIdentifier>
      <PositionInPattern>0</PositionInPattern>
    </PttPlaceInfoPlace>
    <PttPlaceInfoPlace>
      <PlaceIdentifier>monpr</PlaceIdentifier>
      <PositionInPattern>1</PositionInPattern>
    </PttPlaceInfoPlace>
    <PttPlaceInfoPlace>
      <PlaceIdentifier>132z2</PlaceIdentifier>
      <PositionInPattern>2</PositionInPattern>
    </PttPlaceInfoPlace>
    <PttPlaceInfoPlace>
      <PlaceIdentifier>405tl</PlaceIdentifier>
      <PositionInPattern>3</PositionInPattern>
    </PttPlaceInfoPlace>
    <PttPlaceInfoPlace>
      <PlaceIdentifier>mntlk</PlaceIdentifier>
      <PositionInPattern>4</PositionInPattern>
    </PttPlaceInfoPlace>
    <PttPlaceInfoPlace>
      <PlaceIdentifier>9stew</PlaceIdentifier>
      <PositionInPattern>5</PositionInPattern>
    </PttPlaceInfoPlace>
    <PttPlaceInfoPlace>
      <PlaceIdentifier>2spr</PlaceIdentifier>
      <PositionInPattern>6</PositionInPattern>
    </PttPlaceInfoPlace>
    <PttPlaceInfoPlace>
      <PlaceIdentifier>2main</PlaceIdentifier>
      <PositionInPattern>7</PositionInPattern>
    </PttPlaceInfoPlace>
  </PttPlaceInfo>
  <PttPlaceInfo>
    <Identifier>424n</Identifier>
    <Description>424 n/b</Description>
    <ScheduleType>Weekday</ScheduleType>
    <DirectionName>Snohomish</DirectionName>
    <Trip>
      <RouteIdentifier> 424</RouteIdentifier>
      <NoteCode></NoteCode>
      <SequenceNo>0</SequenceNo>
      <trp_route_public> 424</trp_route_public>
      <TimingPoint>
        <PositionInPattern>0</PositionInPattern>
        <PassingTime>2000-01-01T15:37:00.000</PassingTime>
        <NoteCode></NoteCode>
      </TimingPoint>
      <TimingPoint>
        <PositionInPattern>1</PositionInPattern>
        <PassingTime>2000-01-01T15:43:00.000</PassingTime>
        <NoteCode></NoteCode>
      </TimingPoint>
      <TimingPoint>
        <PositionInPattern>2</PositionInPattern>
        <PassingTime>2000-01-01T15:57:00.000</PassingTime>
        <NoteCode>e</NoteCode>
      </TimingPoint>
      <TimingPoint>
        <PositionInPattern>3</PositionInPattern>
        <PassingTime>2000-01-01T16:12:00.000</PassingTime>
        <NoteCode>e</NoteCode>
      </TimingPoint>
      <TimingPoint>
        <PositionInPattern>4</PositionInPattern>
        <PassingTime>2000-01-01T16:18:00.000</PassingTime>
        <NoteCode>e</NoteCode>
      </TimingPoint>
      <TimingPoint>
        <PositionInPattern>5</PositionInPattern>
        <PassingTime>2000-01-01T16:54:00.000</PassingTime>
        <NoteCode>e</NoteCode>
      </TimingPoint>
      <TimingPoint>
        <PositionInPattern>6</PositionInPattern>
        <PassingTime>2000-01-01T17:11:00.000</PassingTime>
        <NoteCode>e</NoteCode>
      </TimingPoint>
    </Trip>
    <Trip>
      <RouteIdentifier> 424</RouteIdentifier>
      <NoteCode></NoteCode>
      <SequenceNo>1</SequenceNo>
      <trp_route_public> 424</trp_route_public>
      <TimingPoint>
        <PositionInPattern>0</PositionInPattern>
        <PassingTime>2000-01-01T16:22:00.000</PassingTime>
        <NoteCode></NoteCode>
      </TimingPoint>
      <TimingPoint>
        <PositionInPattern>1</PositionInPattern>
        <PassingTime>2000-01-01T16:28:00.000</PassingTime>
        <NoteCode></NoteCode>
      </TimingPoint>
      <TimingPoint>
        <PositionInPattern>2</PositionInPattern>
        <PassingTime>2000-01-01T16:43:00.000</PassingTime>
        <NoteCode>e</NoteCode>
      </TimingPoint>
      <TimingPoint>
        <PositionInPattern>3</PositionInPattern>
        <PassingTime>2000-01-01T16:58:00.000</PassingTime>
        <NoteCode>e</NoteCode>
      </TimingPoint>
      <TimingPoint>
        <PositionInPattern>4</PositionInPattern>
        <PassingTime>2000-01-01T17:04:00.000</PassingTime>
        <NoteCode>e</NoteCode>
      </TimingPoint>
      <TimingPoint>
        <PositionInPattern>5</PositionInPattern>
        <PassingTime>2000-01-01T17:40:00.000</PassingTime>
        <NoteCode>e</NoteCode>
      </TimingPoint>
      <TimingPoint>
        <PositionInPattern>6</PositionInPattern>
        <PassingTime>2000-01-01T17:56:00.000</PassingTime>
        <NoteCode>e</NoteCode>
      </TimingPoint>
    </Trip>
    <Trip>
      <RouteIdentifier> 424</RouteIdentifier>
      <NoteCode></NoteCode>
      <SequenceNo>2</SequenceNo>
      <trp_route_public> 424</trp_route_public>
      <TimingPoint>
        <PositionInPattern>0</PositionInPattern>
        <PassingTime>2000-01-01T17:11:00.000</PassingTime>
        <NoteCode></NoteCode>
      </TimingPoint>
      <TimingPoint>
        <PositionInPattern>1</PositionInPattern>
        <PassingTime>2000-01-01T17:19:00.000</PassingTime>
        <NoteCode></NoteCode>
      </TimingPoint>
      <TimingPoint>
        <PositionInPattern>2</PositionInPattern>
        <PassingTime>2000-01-01T17:34:00.000</PassingTime>
        <NoteCode>e</NoteCode>
      </TimingPoint>
      <TimingPoint>
        <PositionInPattern>3</PositionInPattern>
        <PassingTime>2000-01-01T17:49:00.000</PassingTime>
        <NoteCode>e</NoteCode>
      </TimingPoint>
      <TimingPoint>
        <PositionInPattern>4</PositionInPattern>
        <PassingTime>2000-01-01T17:55:00.000</PassingTime>
        <NoteCode>e</NoteCode>
      </TimingPoint>
      <TimingPoint>
        <PositionInPattern>5</PositionInPattern>
        <PassingTime>2000-01-01T18:31:00.000</PassingTime>
        <NoteCode>e</NoteCode>
      </TimingPoint>
      <TimingPoint>
        <PositionInPattern>6</PositionInPattern>
        <PassingTime>2000-01-01T18:46:00.000</PassingTime>
        <NoteCode>e</NoteCode>
      </TimingPoint>
    </Trip>
    <Note>
      <Code>e</Code>
      <Description>Estimated time.</Description>
    </Note>
    <PttPlaceInfoPlace>
      <PlaceIdentifier>4jack</PlaceIdentifier>
      <PositionInPattern>0</PositionInPattern>
    </PttPlaceInfoPlace>
    <PttPlaceInfoPlace>
      <PlaceIdentifier>4unio</PlaceIdentifier>
      <PositionInPattern>1</PositionInPattern>
    </PttPlaceInfoPlace>
    <PttPlaceInfoPlace>
      <PlaceIdentifier>mntlk</PlaceIdentifier>
      <PositionInPattern>2</PositionInPattern>
    </PttPlaceInfoPlace>
    <PttPlaceInfoPlace>
      <PlaceIdentifier>405tl</PlaceIdentifier>
      <PositionInPattern>3</PositionInPattern>
    </PttPlaceInfoPlace>
    <PttPlaceInfoPlace>
      <PlaceIdentifier>132z2</PlaceIdentifier>
      <PositionInPattern>4</PositionInPattern>
    </PttPlaceInfoPlace>
    <PttPlaceInfoPlace>
      <PlaceIdentifier>monpr</PlaceIdentifier>
      <PositionInPattern>5</PositionInPattern>
    </PttPlaceInfoPlace>
    <PttPlaceInfoPlace>
      <PlaceIdentifier>snopr</PlaceIdentifier>
      <PositionInPattern>6</PositionInPattern>
    </PttPlaceInfoPlace>
  </PttPlaceInfo>
  <Place>
    <Identifier>snopr</Identifier>
    <Description>Snohomish Park &amp; Ride</Description>
  </Place>
  <Place>
    <Identifier>monpr</Identifier>
    <Description>Monroe Park &amp; Ride</Description>
  </Place>
  <Place>
    <Identifier>132z2</Identifier>
    <Description>Woodinville 132nd NE Flyer Stop</Description>
  </Place>
  <Place>
    <Identifier>405tl</Identifier>
    <Description>Totem Lake Freeway Station</Description>
  </Place>
  <Place>
    <Identifier>mntlk</Identifier>
    <Description>Montlake Freeway Station</Description>
  </Place>
  <Place>
    <Identifier>9stew</Identifier>
    <Description>Stewart &amp; 9th</Description>
  </Place>
  <Place>
    <Identifier>2spr</Identifier>
    <Description>2nd Ave &amp; Spring St</Description>
  </Place>
  <Place>
    <Identifier>2main</Identifier>
    <Description>2nd &amp; Washington</Description>
  </Place>
  <Place>
    <Identifier>4jack</Identifier>
    <Description>4th &amp; Jackson</Description>
  </Place>
  <Place>
    <Identifier>4unio</Identifier>
    <Description>4th &amp; Union</Description>
  </Place>
</PublicTimeTable>