﻿<?xml version="1.0" encoding="utf-8"?>
<PublicTimeTable>
  <CurrentDate>2011-01-28</CurrentDate>
  <VehicleSchedule>
    <BookingIdentifier>11FEB</BookingIdentifier>
    <Name>5-201</Name>
    <Type>Weekday</Type>
    <Scenario>1</Scenario>
    <Description>ST Weekday Primary   eff 03-20-11</Description>
    <DateStamp>2011-01-24</DateStamp>
    <TimeStamp>2000-01-01T10:44:53.000</TimeStamp>
  </VehicleSchedule>
  <Route>
    <Identifier>513</Identifier>
    <Description>Everett - Seattle</Description>
    <PublicIdentifier>513</PublicIdentifier>
    <FirstDirectionName>Downtown Seattle</FirstDirectionName>
    <SecondDirectionName>Everett</SecondDirectionName>
  </Route>
  <PttPlaceInfo>
    <Identifier>513s</Identifier>
    <Description>513 sb; CT/ST</Description>
    <ScheduleType>Weekday</ScheduleType>
    <DirectionName>Downtown Seattle</DirectionName>
    <Trip>
      <RouteIdentifier> 513</RouteIdentifier>
      <NoteCode></NoteCode>
      <SequenceNo>0</SequenceNo>
      <trp_route_public> 513</trp_route_public>
      <TimingPoint>
        <PositionInPattern>0</PositionInPattern>
        <PassingTime>2000-01-01T05:07:00.000</PassingTime>
        <NoteCode></NoteCode>
      </TimingPoint>
      <TimingPoint>
        <PositionInPattern>1</PositionInPattern>
        <PassingTime>2000-01-01T05:21:00.000</PassingTime>
        <NoteCode></NoteCode>
      </TimingPoint>
      <TimingPoint>
        <PositionInPattern>2</PositionInPattern>
        <PassingTime>2000-01-01T05:31:00.000</PassingTime>
        <NoteCode></NoteCode>
      </TimingPoint>
      <TimingPoint>
        <PositionInPattern>3</PositionInPattern>
        <PassingTime>2000-01-01T05:46:00.000</PassingTime>
        <NoteCode>e</NoteCode>
      </TimingPoint>
      <TimingPoint>
        <PositionInPattern>4</PositionInPattern>
        <PassingTime>2000-01-01T06:08:00.000</PassingTime>
        <NoteCode>e</NoteCode>
      </TimingPoint>
      <TimingPoint>
        <PositionInPattern>5</PositionInPattern>
        <PassingTime>2000-01-01T06:14:00.000</PassingTime>
        <NoteCode>e</NoteCode>
      </TimingPoint>
      <TimingPoint>
        <PositionInPattern>6</PositionInPattern>
        <PassingTime>2000-01-01T06:17:00.000</PassingTime>
        <NoteCode>e</NoteCode>
      </TimingPoint>
    </Trip>
    <Trip>
      <RouteIdentifier> 513</RouteIdentifier>
      <NoteCode></NoteCode>
      <SequenceNo>1</SequenceNo>
      <trp_route_public> 513</trp_route_public>
      <TimingPoint>
        <PositionInPattern>0</PositionInPattern>
        <PassingTime>2000-01-01T05:36:00.000</PassingTime>
        <NoteCode></NoteCode>
      </TimingPoint>
      <TimingPoint>
        <PositionInPattern>1</PositionInPattern>
        <PassingTime>2000-01-01T05:50:00.000</PassingTime>
        <NoteCode></NoteCode>
      </TimingPoint>
      <TimingPoint>
        <PositionInPattern>2</PositionInPattern>
        <PassingTime>2000-01-01T06:00:00.000</PassingTime>
        <NoteCode></NoteCode>
      </TimingPoint>
      <TimingPoint>
        <PositionInPattern>3</PositionInPattern>
        <PassingTime>2000-01-01T06:17:00.000</PassingTime>
        <NoteCode>e</NoteCode>
      </TimingPoint>
      <TimingPoint>
        <PositionInPattern>4</PositionInPattern>
        <PassingTime>2000-01-01T06:41:00.000</PassingTime>
        <NoteCode>e</NoteCode>
      </TimingPoint>
      <TimingPoint>
        <PositionInPattern>5</PositionInPattern>
        <PassingTime>2000-01-01T06:47:00.000</PassingTime>
        <NoteCode>e</NoteCode>
      </TimingPoint>
      <TimingPoint>
        <PositionInPattern>6</PositionInPattern>
        <PassingTime>2000-01-01T06:50:00.000</PassingTime>
        <NoteCode>e</NoteCode>
      </TimingPoint>
    </Trip>
    <Trip>
      <RouteIdentifier> 513</RouteIdentifier>
      <NoteCode></NoteCode>
      <SequenceNo>2</SequenceNo>
      <trp_route_public> 513</trp_route_public>
      <TimingPoint>
        <PositionInPattern>0</PositionInPattern>
        <PassingTime>2000-01-01T06:00:00.000</PassingTime>
        <NoteCode></NoteCode>
      </TimingPoint>
      <TimingPoint>
        <PositionInPattern>1</PositionInPattern>
        <PassingTime>2000-01-01T06:14:00.000</PassingTime>
        <NoteCode></NoteCode>
      </TimingPoint>
      <TimingPoint>
        <PositionInPattern>2</PositionInPattern>
        <PassingTime>2000-01-01T06:24:00.000</PassingTime>
        <NoteCode></NoteCode>
      </TimingPoint>
      <TimingPoint>
        <PositionInPattern>3</PositionInPattern>
        <PassingTime>2000-01-01T06:43:00.000</PassingTime>
        <NoteCode>e</NoteCode>
      </TimingPoint>
      <TimingPoint>
        <PositionInPattern>4</PositionInPattern>
        <PassingTime>2000-01-01T07:10:00.000</PassingTime>
        <NoteCode>e</NoteCode>
      </TimingPoint>
      <TimingPoint>
        <PositionInPattern>5</PositionInPattern>
        <PassingTime>2000-01-01T07:17:00.000</PassingTime>
        <NoteCode>e</NoteCode>
      </TimingPoint>
      <TimingPoint>
        <PositionInPattern>6</PositionInPattern>
        <PassingTime>2000-01-01T07:20:00.000</PassingTime>
        <NoteCode>e</NoteCode>
      </TimingPoint>
    </Trip>
    <Trip>
      <RouteIdentifier> 513</RouteIdentifier>
      <NoteCode></NoteCode>
      <SequenceNo>3</SequenceNo>
      <trp_route_public> 513</trp_route_public>
      <TimingPoint>
        <PositionInPattern>0</PositionInPattern>
        <PassingTime>2000-01-01T06:23:00.000</PassingTime>
        <NoteCode></NoteCode>
      </TimingPoint>
      <TimingPoint>
        <PositionInPattern>1</PositionInPattern>
        <PassingTime>2000-01-01T06:37:00.000</PassingTime>
        <NoteCode></NoteCode>
      </TimingPoint>
      <TimingPoint>
        <PositionInPattern>2</PositionInPattern>
        <PassingTime>2000-01-01T06:47:00.000</PassingTime>
        <NoteCode></NoteCode>
      </TimingPoint>
      <TimingPoint>
        <PositionInPattern>3</PositionInPattern>
        <PassingTime>2000-01-01T07:07:00.000</PassingTime>
        <NoteCode>e</NoteCode>
      </TimingPoint>
      <TimingPoint>
        <PositionInPattern>4</PositionInPattern>
        <PassingTime>2000-01-01T07:36:00.000</PassingTime>
        <NoteCode>e</NoteCode>
      </TimingPoint>
      <TimingPoint>
        <PositionInPattern>5</PositionInPattern>
        <PassingTime>2000-01-01T07:44:00.000</PassingTime>
        <NoteCode>e</NoteCode>
      </TimingPoint>
      <TimingPoint>
        <PositionInPattern>6</PositionInPattern>
        <PassingTime>2000-01-01T07:47:00.000</PassingTime>
        <NoteCode>e</NoteCode>
      </TimingPoint>
    </Trip>
    <Trip>
      <RouteIdentifier> 513</RouteIdentifier>
      <NoteCode></NoteCode>
      <SequenceNo>4</SequenceNo>
      <trp_route_public> 513</trp_route_public>
      <TimingPoint>
        <PositionInPattern>0</PositionInPattern>
        <PassingTime>2000-01-01T06:53:00.000</PassingTime>
        <NoteCode></NoteCode>
      </TimingPoint>
      <TimingPoint>
        <PositionInPattern>1</PositionInPattern>
        <PassingTime>2000-01-01T07:07:00.000</PassingTime>
        <NoteCode></NoteCode>
      </TimingPoint>
      <TimingPoint>
        <PositionInPattern>2</PositionInPattern>
        <PassingTime>2000-01-01T07:17:00.000</PassingTime>
        <NoteCode></NoteCode>
      </TimingPoint>
      <TimingPoint>
        <PositionInPattern>3</PositionInPattern>
        <PassingTime>2000-01-01T07:37:00.000</PassingTime>
        <NoteCode>e</NoteCode>
      </TimingPoint>
      <TimingPoint>
        <PositionInPattern>4</PositionInPattern>
        <PassingTime>2000-01-01T08:08:00.000</PassingTime>
        <NoteCode>e</NoteCode>
      </TimingPoint>
      <TimingPoint>
        <PositionInPattern>5</PositionInPattern>
        <PassingTime>2000-01-01T08:16:00.000</PassingTime>
        <NoteCode>e</NoteCode>
      </TimingPoint>
      <TimingPoint>
        <PositionInPattern>6</PositionInPattern>
        <PassingTime>2000-01-01T08:19:00.000</PassingTime>
        <NoteCode>e</NoteCode>
      </TimingPoint>
    </Trip>
    <Trip>
      <RouteIdentifier> 513</RouteIdentifier>
      <NoteCode></NoteCode>
      <SequenceNo>5</SequenceNo>
      <trp_route_public> 513</trp_route_public>
      <TimingPoint>
        <PositionInPattern>0</PositionInPattern>
        <PassingTime>2000-01-01T07:23:00.000</PassingTime>
        <NoteCode></NoteCode>
      </TimingPoint>
      <TimingPoint>
        <PositionInPattern>1</PositionInPattern>
        <PassingTime>2000-01-01T07:37:00.000</PassingTime>
        <NoteCode></NoteCode>
      </TimingPoint>
      <TimingPoint>
        <PositionInPattern>2</PositionInPattern>
        <PassingTime>2000-01-01T07:48:00.000</PassingTime>
        <NoteCode></NoteCode>
      </TimingPoint>
      <TimingPoint>
        <PositionInPattern>3</PositionInPattern>
        <PassingTime>2000-01-01T08:07:00.000</PassingTime>
        <NoteCode>e</NoteCode>
      </TimingPoint>
      <TimingPoint>
        <PositionInPattern>4</PositionInPattern>
        <PassingTime>2000-01-01T08:36:00.000</PassingTime>
        <NoteCode>e</NoteCode>
      </TimingPoint>
      <TimingPoint>
        <PositionInPattern>5</PositionInPattern>
        <PassingTime>2000-01-01T08:43:00.000</PassingTime>
        <NoteCode>e</NoteCode>
      </TimingPoint>
      <TimingPoint>
        <PositionInPattern>6</PositionInPattern>
        <PassingTime>2000-01-01T08:46:00.000</PassingTime>
        <NoteCode>e</NoteCode>
      </TimingPoint>
    </Trip>
    <Note>
      <Code>e</Code>
      <Description>Estimated time.</Description>
    </Note>
    <PttPlaceInfoPlace>
      <PlaceIdentifier>hwvg</PlaceIdentifier>
      <PositionInPattern>0</PositionInPattern>
    </PttPlaceInfoPlace>
    <PttPlaceInfoPlace>
      <PlaceIdentifier>75ev</PlaceIdentifier>
      <PositionInPattern>1</PositionInPattern>
    </PttPlaceInfoPlace>
    <PttPlaceInfoPlace>
      <PlaceIdentifier>emtpr</PlaceIdentifier>
      <PositionInPattern>2</PositionInPattern>
    </PttPlaceInfoPlace>
    <PttPlaceInfoPlace>
      <PlaceIdentifier>mltpr6</PlaceIdentifier>
      <PositionInPattern>3</PositionInPattern>
    </PttPlaceInfoPlace>
    <PttPlaceInfoPlace>
      <PlaceIdentifier>5pine</PlaceIdentifier>
      <PositionInPattern>4</PositionInPattern>
    </PttPlaceInfoPlace>
    <PttPlaceInfoPlace>
      <PlaceIdentifier>5jack</PlaceIdentifier>
      <PositionInPattern>5</PositionInPattern>
    </PttPlaceInfoPlace>
    <PttPlaceInfoPlace>
      <PlaceIdentifier>airatl</PlaceIdentifier>
      <PositionInPattern>6</PositionInPattern>
    </PttPlaceInfoPlace>
  </PttPlaceInfo>
  <PttPlaceInfo>
    <Identifier>513nCT</Identifier>
    <Description>513 nb; CTonly</Description>
    <ScheduleType>Weekday</ScheduleType>
    <DirectionName>Everett</DirectionName>
    <Trip>
      <RouteIdentifier> 513</RouteIdentifier>
      <NoteCode></NoteCode>
      <SequenceNo>0</SequenceNo>
      <trp_route_public> 513</trp_route_public>
      <TimingPoint>
        <PositionInPattern>0</PositionInPattern>
        <PassingTime>2000-01-01T15:38:00.000</PassingTime>
        <NoteCode></NoteCode>
      </TimingPoint>
      <TimingPoint>
        <PositionInPattern>1</PositionInPattern>
        <PassingTime>2000-01-01T15:50:00.000</PassingTime>
        <NoteCode></NoteCode>
      </TimingPoint>
      <TimingPoint>
        <PositionInPattern>2</PositionInPattern>
        <PassingTime>2000-01-01T15:55:00.000</PassingTime>
        <NoteCode>e</NoteCode>
      </TimingPoint>
      <TimingPoint>
        <PositionInPattern>3</PositionInPattern>
        <PassingTime>2000-01-01T16:21:00.000</PassingTime>
        <NoteCode>e</NoteCode>
      </TimingPoint>
      <TimingPoint>
        <PositionInPattern>4</PositionInPattern>
        <PassingTime>2000-01-01T16:38:00.000</PassingTime>
        <NoteCode>e</NoteCode>
      </TimingPoint>
      <TimingPoint>
        <PositionInPattern>5</PositionInPattern>
        <PassingTime>2000-01-01T16:46:00.000</PassingTime>
        <NoteCode>e</NoteCode>
      </TimingPoint>
      <TimingPoint>
        <PositionInPattern>6</PositionInPattern>
        <PassingTime>2000-01-01T17:06:00.000</PassingTime>
        <NoteCode>e</NoteCode>
      </TimingPoint>
    </Trip>
    <Trip>
      <RouteIdentifier> 513</RouteIdentifier>
      <NoteCode></NoteCode>
      <SequenceNo>1</SequenceNo>
      <trp_route_public> 513</trp_route_public>
      <TimingPoint>
        <PositionInPattern>0</PositionInPattern>
        <PassingTime>2000-01-01T16:07:00.000</PassingTime>
        <NoteCode></NoteCode>
      </TimingPoint>
      <TimingPoint>
        <PositionInPattern>1</PositionInPattern>
        <PassingTime>2000-01-01T16:19:00.000</PassingTime>
        <NoteCode></NoteCode>
      </TimingPoint>
      <TimingPoint>
        <PositionInPattern>2</PositionInPattern>
        <PassingTime>2000-01-01T16:24:00.000</PassingTime>
        <NoteCode>e</NoteCode>
      </TimingPoint>
      <TimingPoint>
        <PositionInPattern>3</PositionInPattern>
        <PassingTime>2000-01-01T16:53:00.000</PassingTime>
        <NoteCode>e</NoteCode>
      </TimingPoint>
      <TimingPoint>
        <PositionInPattern>4</PositionInPattern>
        <PassingTime>2000-01-01T17:11:00.000</PassingTime>
        <NoteCode>e</NoteCode>
      </TimingPoint>
      <TimingPoint>
        <PositionInPattern>5</PositionInPattern>
        <PassingTime>2000-01-01T17:20:00.000</PassingTime>
        <NoteCode>e</NoteCode>
      </TimingPoint>
      <TimingPoint>
        <PositionInPattern>6</PositionInPattern>
        <PassingTime>2000-01-01T17:40:00.000</PassingTime>
        <NoteCode>e</NoteCode>
      </TimingPoint>
    </Trip>
    <Trip>
      <RouteIdentifier> 513</RouteIdentifier>
      <NoteCode></NoteCode>
      <SequenceNo>2</SequenceNo>
      <trp_route_public> 513</trp_route_public>
      <TimingPoint>
        <PositionInPattern>0</PositionInPattern>
        <PassingTime>2000-01-01T16:37:00.000</PassingTime>
        <NoteCode></NoteCode>
      </TimingPoint>
      <TimingPoint>
        <PositionInPattern>1</PositionInPattern>
        <PassingTime>2000-01-01T16:49:00.000</PassingTime>
        <NoteCode></NoteCode>
      </TimingPoint>
      <TimingPoint>
        <PositionInPattern>2</PositionInPattern>
        <PassingTime>2000-01-01T16:54:00.000</PassingTime>
        <NoteCode>e</NoteCode>
      </TimingPoint>
      <TimingPoint>
        <PositionInPattern>3</PositionInPattern>
        <PassingTime>2000-01-01T17:24:00.000</PassingTime>
        <NoteCode>e</NoteCode>
      </TimingPoint>
      <TimingPoint>
        <PositionInPattern>4</PositionInPattern>
        <PassingTime>2000-01-01T17:43:00.000</PassingTime>
        <NoteCode>e</NoteCode>
      </TimingPoint>
      <TimingPoint>
        <PositionInPattern>5</PositionInPattern>
        <PassingTime>2000-01-01T17:52:00.000</PassingTime>
        <NoteCode>e</NoteCode>
      </TimingPoint>
      <TimingPoint>
        <PositionInPattern>6</PositionInPattern>
        <PassingTime>2000-01-01T18:12:00.000</PassingTime>
        <NoteCode>e</NoteCode>
      </TimingPoint>
    </Trip>
    <Trip>
      <RouteIdentifier> 513</RouteIdentifier>
      <NoteCode></NoteCode>
      <SequenceNo>3</SequenceNo>
      <trp_route_public> 513</trp_route_public>
      <TimingPoint>
        <PositionInPattern>0</PositionInPattern>
        <PassingTime>2000-01-01T17:07:00.000</PassingTime>
        <NoteCode></NoteCode>
      </TimingPoint>
      <TimingPoint>
        <PositionInPattern>1</PositionInPattern>
        <PassingTime>2000-01-01T17:20:00.000</PassingTime>
        <NoteCode></NoteCode>
      </TimingPoint>
      <TimingPoint>
        <PositionInPattern>2</PositionInPattern>
        <PassingTime>2000-01-01T17:25:00.000</PassingTime>
        <NoteCode>e</NoteCode>
      </TimingPoint>
      <TimingPoint>
        <PositionInPattern>3</PositionInPattern>
        <PassingTime>2000-01-01T17:53:00.000</PassingTime>
        <NoteCode>e</NoteCode>
      </TimingPoint>
      <TimingPoint>
        <PositionInPattern>4</PositionInPattern>
        <PassingTime>2000-01-01T18:13:00.000</PassingTime>
        <NoteCode>e</NoteCode>
      </TimingPoint>
      <TimingPoint>
        <PositionInPattern>5</PositionInPattern>
        <PassingTime>2000-01-01T18:21:00.000</PassingTime>
        <NoteCode>e</NoteCode>
      </TimingPoint>
      <TimingPoint>
        <PositionInPattern>6</PositionInPattern>
        <PassingTime>2000-01-01T18:41:00.000</PassingTime>
        <NoteCode>e</NoteCode>
      </TimingPoint>
    </Trip>
    <Trip>
      <RouteIdentifier> 513</RouteIdentifier>
      <NoteCode></NoteCode>
      <SequenceNo>4</SequenceNo>
      <trp_route_public> 513</trp_route_public>
      <TimingPoint>
        <PositionInPattern>0</PositionInPattern>
        <PassingTime>2000-01-01T18:19:00.000</PassingTime>
        <NoteCode></NoteCode>
      </TimingPoint>
      <TimingPoint>
        <PositionInPattern>1</PositionInPattern>
        <PassingTime>2000-01-01T18:31:00.000</PassingTime>
        <NoteCode></NoteCode>
      </TimingPoint>
      <TimingPoint>
        <PositionInPattern>2</PositionInPattern>
        <PassingTime>2000-01-01T18:36:00.000</PassingTime>
        <NoteCode>e</NoteCode>
      </TimingPoint>
      <TimingPoint>
        <PositionInPattern>3</PositionInPattern>
        <PassingTime>2000-01-01T19:01:00.000</PassingTime>
        <NoteCode>e</NoteCode>
      </TimingPoint>
      <TimingPoint>
        <PositionInPattern>4</PositionInPattern>
        <PassingTime>2000-01-01T19:19:00.000</PassingTime>
        <NoteCode>e</NoteCode>
      </TimingPoint>
      <TimingPoint>
        <PositionInPattern>5</PositionInPattern>
        <PassingTime>2000-01-01T19:27:00.000</PassingTime>
        <NoteCode>e</NoteCode>
      </TimingPoint>
      <TimingPoint>
        <PositionInPattern>6</PositionInPattern>
        <PassingTime>2000-01-01T19:47:00.000</PassingTime>
        <NoteCode>e</NoteCode>
      </TimingPoint>
    </Trip>
    <Note>
      <Code>e</Code>
      <Description>Estimated time.</Description>
    </Note>
    <PttPlaceInfoPlace>
      <PlaceIdentifier>6atl</PlaceIdentifier>
      <PositionInPattern>0</PositionInPattern>
    </PttPlaceInfoPlace>
    <PttPlaceInfoPlace>
      <PlaceIdentifier>4unio</PlaceIdentifier>
      <PositionInPattern>1</PositionInPattern>
    </PttPlaceInfoPlace>
    <PttPlaceInfoPlace>
      <PlaceIdentifier>hwll9</PlaceIdentifier>
      <PositionInPattern>2</PositionInPattern>
    </PttPlaceInfoPlace>
    <PttPlaceInfoPlace>
      <PlaceIdentifier>mltpr7</PlaceIdentifier>
      <PositionInPattern>3</PositionInPattern>
    </PttPlaceInfoPlace>
    <PttPlaceInfoPlace>
      <PlaceIdentifier>emtpr</PlaceIdentifier>
      <PositionInPattern>4</PositionInPattern>
    </PttPlaceInfoPlace>
    <PttPlaceInfoPlace>
      <PlaceIdentifier>75ev</PlaceIdentifier>
      <PositionInPattern>5</PositionInPattern>
    </PttPlaceInfoPlace>
    <PttPlaceInfoPlace>
      <PlaceIdentifier>hwvg</PlaceIdentifier>
      <PositionInPattern>6</PositionInPattern>
    </PttPlaceInfoPlace>
  </PttPlaceInfo>
  <Place>
    <Identifier>hwvg</Identifier>
    <Description>Hewitt &amp; Virginia</Description>
  </Place>
  <Place>
    <Identifier>75ev</Identifier>
    <Description>Evergreen Way &amp; 75th SE</Description>
  </Place>
  <Place>
    <Identifier>emtpr</Identifier>
    <Description>Eastmont Park &amp; Ride</Description>
  </Place>
  <Place>
    <Identifier>mltpr6</Identifier>
    <Description>Mountlake Terrace Freeway Station Bay 6</Description>
  </Place>
  <Place>
    <Identifier>5pine</Identifier>
    <Description>5th &amp; Pine</Description>
  </Place>
  <Place>
    <Identifier>5jack</Identifier>
    <Description>5th &amp; Jackson</Description>
  </Place>
  <Place>
    <Identifier>airatl</Identifier>
    <Description>Airport 1300 block</Description>
  </Place>
  <Place>
    <Identifier>6atl</Identifier>
    <Description>6th / ATLANTIC</Description>
  </Place>
  <Place>
    <Identifier>4unio</Identifier>
    <Description>4th &amp; Union</Description>
  </Place>
  <Place>
    <Identifier>hwll9</Identifier>
    <Description>Howell &amp; 9th</Description>
  </Place>
  <Place>
    <Identifier>mltpr7</Identifier>
    <Description>Mountlake Terrace Freeway Station Bay 7</Description>
  </Place>
</PublicTimeTable>