﻿<?xml version="1.0" encoding="utf-8"?>
<PublicTimeTable>
  <CurrentDate>2010-12-09</CurrentDate>
  <VehicleSchedule>
    <BookingIdentifier>11FEB</BookingIdentifier>
    <Name>1-701</Name>
    <Type>Saturday</Type>
    <Scenario>1</Scenario>
    <Description>CT Saturday WORKING FILE; 02-06-11</Description>
    <DateStamp>2010-12-09</DateStamp>
    <TimeStamp>2000-01-01T11:17:32.000</TimeStamp>
  </VehicleSchedule>
  <Route>
    <Identifier>131</Identifier>
    <Description>Aurora Village - Edmonds CC</Description>
    <PublicIdentifier>131</PublicIdentifier>
    <FirstDirectionName>Aurora Village</FirstDirectionName>
    <SecondDirectionName>Edmonds Community College</SecondDirectionName>
  </Route>
  <PttPlaceInfo>
    <Identifier>131s</Identifier>
    <Description>131 sb</Description>
    <ScheduleType>Saturday</ScheduleType>
    <DirectionName>Aurora Village Transit Center</DirectionName>
    <Trip>
      <RouteIdentifier> 131</RouteIdentifier>
      <NoteCode></NoteCode>
      <SequenceNo>0</SequenceNo>
      <trp_route_public> 131</trp_route_public>
      <TimingPoint>
        <PositionInPattern>0</PositionInPattern>
        <PassingTime>2000-01-01T06:02:00.000</PassingTime>
        <NoteCode></NoteCode>
      </TimingPoint>
      <TimingPoint>
        <PositionInPattern>1</PositionInPattern>
        <PassingTime>2000-01-01T06:07:00.000</PassingTime>
        <NoteCode></NoteCode>
      </TimingPoint>
      <TimingPoint>
        <PositionInPattern>2</PositionInPattern>
        <PassingTime>2000-01-01T06:15:00.000</PassingTime>
        <NoteCode></NoteCode>
      </TimingPoint>
      <TimingPoint>
        <PositionInPattern>3</PositionInPattern>
        <PassingTime>2000-01-01T06:22:00.000</PassingTime>
        <NoteCode></NoteCode>
      </TimingPoint>
      <TimingPoint>
        <PositionInPattern>4</PositionInPattern>
        <PassingTime>2000-01-01T06:31:00.000</PassingTime>
        <NoteCode></NoteCode>
      </TimingPoint>
    </Trip>
    <Trip>
      <RouteIdentifier> 131</RouteIdentifier>
      <NoteCode></NoteCode>
      <SequenceNo>1</SequenceNo>
      <trp_route_public> 131</trp_route_public>
      <TimingPoint>
        <PositionInPattern>0</PositionInPattern>
        <PassingTime>2000-01-01T07:02:00.000</PassingTime>
        <NoteCode></NoteCode>
      </TimingPoint>
      <TimingPoint>
        <PositionInPattern>1</PositionInPattern>
        <PassingTime>2000-01-01T07:07:00.000</PassingTime>
        <NoteCode></NoteCode>
      </TimingPoint>
      <TimingPoint>
        <PositionInPattern>2</PositionInPattern>
        <PassingTime>2000-01-01T07:15:00.000</PassingTime>
        <NoteCode></NoteCode>
      </TimingPoint>
      <TimingPoint>
        <PositionInPattern>3</PositionInPattern>
        <PassingTime>2000-01-01T07:22:00.000</PassingTime>
        <NoteCode></NoteCode>
      </TimingPoint>
      <TimingPoint>
        <PositionInPattern>4</PositionInPattern>
        <PassingTime>2000-01-01T07:31:00.000</PassingTime>
        <NoteCode></NoteCode>
      </TimingPoint>
    </Trip>
    <Trip>
      <RouteIdentifier> 131</RouteIdentifier>
      <NoteCode></NoteCode>
      <SequenceNo>2</SequenceNo>
      <trp_route_public> 131</trp_route_public>
      <TimingPoint>
        <PositionInPattern>0</PositionInPattern>
        <PassingTime>2000-01-01T08:02:00.000</PassingTime>
        <NoteCode></NoteCode>
      </TimingPoint>
      <TimingPoint>
        <PositionInPattern>1</PositionInPattern>
        <PassingTime>2000-01-01T08:07:00.000</PassingTime>
        <NoteCode></NoteCode>
      </TimingPoint>
      <TimingPoint>
        <PositionInPattern>2</PositionInPattern>
        <PassingTime>2000-01-01T08:15:00.000</PassingTime>
        <NoteCode></NoteCode>
      </TimingPoint>
      <TimingPoint>
        <PositionInPattern>3</PositionInPattern>
        <PassingTime>2000-01-01T08:22:00.000</PassingTime>
        <NoteCode></NoteCode>
      </TimingPoint>
      <TimingPoint>
        <PositionInPattern>4</PositionInPattern>
        <PassingTime>2000-01-01T08:31:00.000</PassingTime>
        <NoteCode></NoteCode>
      </TimingPoint>
    </Trip>
    <Trip>
      <RouteIdentifier> 131</RouteIdentifier>
      <NoteCode></NoteCode>
      <SequenceNo>3</SequenceNo>
      <trp_route_public> 131</trp_route_public>
      <TimingPoint>
        <PositionInPattern>0</PositionInPattern>
        <PassingTime>2000-01-01T09:02:00.000</PassingTime>
        <NoteCode></NoteCode>
      </TimingPoint>
      <TimingPoint>
        <PositionInPattern>1</PositionInPattern>
        <PassingTime>2000-01-01T09:07:00.000</PassingTime>
        <NoteCode></NoteCode>
      </TimingPoint>
      <TimingPoint>
        <PositionInPattern>2</PositionInPattern>
        <PassingTime>2000-01-01T09:15:00.000</PassingTime>
        <NoteCode></NoteCode>
      </TimingPoint>
      <TimingPoint>
        <PositionInPattern>3</PositionInPattern>
        <PassingTime>2000-01-01T09:22:00.000</PassingTime>
        <NoteCode></NoteCode>
      </TimingPoint>
      <TimingPoint>
        <PositionInPattern>4</PositionInPattern>
        <PassingTime>2000-01-01T09:31:00.000</PassingTime>
        <NoteCode></NoteCode>
      </TimingPoint>
    </Trip>
    <Trip>
      <RouteIdentifier> 131</RouteIdentifier>
      <NoteCode></NoteCode>
      <SequenceNo>4</SequenceNo>
      <trp_route_public> 131</trp_route_public>
      <TimingPoint>
        <PositionInPattern>0</PositionInPattern>
        <PassingTime>2000-01-01T10:02:00.000</PassingTime>
        <NoteCode></NoteCode>
      </TimingPoint>
      <TimingPoint>
        <PositionInPattern>1</PositionInPattern>
        <PassingTime>2000-01-01T10:07:00.000</PassingTime>
        <NoteCode></NoteCode>
      </TimingPoint>
      <TimingPoint>
        <PositionInPattern>2</PositionInPattern>
        <PassingTime>2000-01-01T10:15:00.000</PassingTime>
        <NoteCode></NoteCode>
      </TimingPoint>
      <TimingPoint>
        <PositionInPattern>3</PositionInPattern>
        <PassingTime>2000-01-01T10:22:00.000</PassingTime>
        <NoteCode></NoteCode>
      </TimingPoint>
      <TimingPoint>
        <PositionInPattern>4</PositionInPattern>
        <PassingTime>2000-01-01T10:31:00.000</PassingTime>
        <NoteCode></NoteCode>
      </TimingPoint>
    </Trip>
    <Trip>
      <RouteIdentifier> 131</RouteIdentifier>
      <NoteCode></NoteCode>
      <SequenceNo>5</SequenceNo>
      <trp_route_public> 131</trp_route_public>
      <TimingPoint>
        <PositionInPattern>0</PositionInPattern>
        <PassingTime>2000-01-01T11:02:00.000</PassingTime>
        <NoteCode></NoteCode>
      </TimingPoint>
      <TimingPoint>
        <PositionInPattern>1</PositionInPattern>
        <PassingTime>2000-01-01T11:07:00.000</PassingTime>
        <NoteCode></NoteCode>
      </TimingPoint>
      <TimingPoint>
        <PositionInPattern>2</PositionInPattern>
        <PassingTime>2000-01-01T11:15:00.000</PassingTime>
        <NoteCode></NoteCode>
      </TimingPoint>
      <TimingPoint>
        <PositionInPattern>3</PositionInPattern>
        <PassingTime>2000-01-01T11:22:00.000</PassingTime>
        <NoteCode></NoteCode>
      </TimingPoint>
      <TimingPoint>
        <PositionInPattern>4</PositionInPattern>
        <PassingTime>2000-01-01T11:31:00.000</PassingTime>
        <NoteCode></NoteCode>
      </TimingPoint>
    </Trip>
    <Trip>
      <RouteIdentifier> 131</RouteIdentifier>
      <NoteCode></NoteCode>
      <SequenceNo>6</SequenceNo>
      <trp_route_public> 131</trp_route_public>
      <TimingPoint>
        <PositionInPattern>0</PositionInPattern>
        <PassingTime>2000-01-01T12:02:00.000</PassingTime>
        <NoteCode></NoteCode>
      </TimingPoint>
      <TimingPoint>
        <PositionInPattern>1</PositionInPattern>
        <PassingTime>2000-01-01T12:07:00.000</PassingTime>
        <NoteCode></NoteCode>
      </TimingPoint>
      <TimingPoint>
        <PositionInPattern>2</PositionInPattern>
        <PassingTime>2000-01-01T12:15:00.000</PassingTime>
        <NoteCode></NoteCode>
      </TimingPoint>
      <TimingPoint>
        <PositionInPattern>3</PositionInPattern>
        <PassingTime>2000-01-01T12:22:00.000</PassingTime>
        <NoteCode></NoteCode>
      </TimingPoint>
      <TimingPoint>
        <PositionInPattern>4</PositionInPattern>
        <PassingTime>2000-01-01T12:31:00.000</PassingTime>
        <NoteCode></NoteCode>
      </TimingPoint>
    </Trip>
    <Trip>
      <RouteIdentifier> 131</RouteIdentifier>
      <NoteCode></NoteCode>
      <SequenceNo>7</SequenceNo>
      <trp_route_public> 131</trp_route_public>
      <TimingPoint>
        <PositionInPattern>0</PositionInPattern>
        <PassingTime>2000-01-01T13:02:00.000</PassingTime>
        <NoteCode></NoteCode>
      </TimingPoint>
      <TimingPoint>
        <PositionInPattern>1</PositionInPattern>
        <PassingTime>2000-01-01T13:07:00.000</PassingTime>
        <NoteCode></NoteCode>
      </TimingPoint>
      <TimingPoint>
        <PositionInPattern>2</PositionInPattern>
        <PassingTime>2000-01-01T13:15:00.000</PassingTime>
        <NoteCode></NoteCode>
      </TimingPoint>
      <TimingPoint>
        <PositionInPattern>3</PositionInPattern>
        <PassingTime>2000-01-01T13:22:00.000</PassingTime>
        <NoteCode></NoteCode>
      </TimingPoint>
      <TimingPoint>
        <PositionInPattern>4</PositionInPattern>
        <PassingTime>2000-01-01T13:31:00.000</PassingTime>
        <NoteCode></NoteCode>
      </TimingPoint>
    </Trip>
    <Trip>
      <RouteIdentifier> 131</RouteIdentifier>
      <NoteCode></NoteCode>
      <SequenceNo>8</SequenceNo>
      <trp_route_public> 131</trp_route_public>
      <TimingPoint>
        <PositionInPattern>0</PositionInPattern>
        <PassingTime>2000-01-01T14:01:00.000</PassingTime>
        <NoteCode></NoteCode>
      </TimingPoint>
      <TimingPoint>
        <PositionInPattern>1</PositionInPattern>
        <PassingTime>2000-01-01T14:06:00.000</PassingTime>
        <NoteCode></NoteCode>
      </TimingPoint>
      <TimingPoint>
        <PositionInPattern>2</PositionInPattern>
        <PassingTime>2000-01-01T14:15:00.000</PassingTime>
        <NoteCode></NoteCode>
      </TimingPoint>
      <TimingPoint>
        <PositionInPattern>3</PositionInPattern>
        <PassingTime>2000-01-01T14:22:00.000</PassingTime>
        <NoteCode></NoteCode>
      </TimingPoint>
      <TimingPoint>
        <PositionInPattern>4</PositionInPattern>
        <PassingTime>2000-01-01T14:33:00.000</PassingTime>
        <NoteCode></NoteCode>
      </TimingPoint>
    </Trip>
    <Trip>
      <RouteIdentifier> 131</RouteIdentifier>
      <NoteCode></NoteCode>
      <SequenceNo>9</SequenceNo>
      <trp_route_public> 131</trp_route_public>
      <TimingPoint>
        <PositionInPattern>0</PositionInPattern>
        <PassingTime>2000-01-01T15:01:00.000</PassingTime>
        <NoteCode></NoteCode>
      </TimingPoint>
      <TimingPoint>
        <PositionInPattern>1</PositionInPattern>
        <PassingTime>2000-01-01T15:06:00.000</PassingTime>
        <NoteCode></NoteCode>
      </TimingPoint>
      <TimingPoint>
        <PositionInPattern>2</PositionInPattern>
        <PassingTime>2000-01-01T15:15:00.000</PassingTime>
        <NoteCode></NoteCode>
      </TimingPoint>
      <TimingPoint>
        <PositionInPattern>3</PositionInPattern>
        <PassingTime>2000-01-01T15:22:00.000</PassingTime>
        <NoteCode></NoteCode>
      </TimingPoint>
      <TimingPoint>
        <PositionInPattern>4</PositionInPattern>
        <PassingTime>2000-01-01T15:33:00.000</PassingTime>
        <NoteCode></NoteCode>
      </TimingPoint>
    </Trip>
    <Trip>
      <RouteIdentifier> 131</RouteIdentifier>
      <NoteCode></NoteCode>
      <SequenceNo>10</SequenceNo>
      <trp_route_public> 131</trp_route_public>
      <TimingPoint>
        <PositionInPattern>0</PositionInPattern>
        <PassingTime>2000-01-01T16:01:00.000</PassingTime>
        <NoteCode></NoteCode>
      </TimingPoint>
      <TimingPoint>
        <PositionInPattern>1</PositionInPattern>
        <PassingTime>2000-01-01T16:06:00.000</PassingTime>
        <NoteCode></NoteCode>
      </TimingPoint>
      <TimingPoint>
        <PositionInPattern>2</PositionInPattern>
        <PassingTime>2000-01-01T16:15:00.000</PassingTime>
        <NoteCode></NoteCode>
      </TimingPoint>
      <TimingPoint>
        <PositionInPattern>3</PositionInPattern>
        <PassingTime>2000-01-01T16:22:00.000</PassingTime>
        <NoteCode></NoteCode>
      </TimingPoint>
      <TimingPoint>
        <PositionInPattern>4</PositionInPattern>
        <PassingTime>2000-01-01T16:33:00.000</PassingTime>
        <NoteCode></NoteCode>
      </TimingPoint>
    </Trip>
    <Trip>
      <RouteIdentifier> 131</RouteIdentifier>
      <NoteCode></NoteCode>
      <SequenceNo>11</SequenceNo>
      <trp_route_public> 131</trp_route_public>
      <TimingPoint>
        <PositionInPattern>0</PositionInPattern>
        <PassingTime>2000-01-01T17:01:00.000</PassingTime>
        <NoteCode></NoteCode>
      </TimingPoint>
      <TimingPoint>
        <PositionInPattern>1</PositionInPattern>
        <PassingTime>2000-01-01T17:06:00.000</PassingTime>
        <NoteCode></NoteCode>
      </TimingPoint>
      <TimingPoint>
        <PositionInPattern>2</PositionInPattern>
        <PassingTime>2000-01-01T17:15:00.000</PassingTime>
        <NoteCode></NoteCode>
      </TimingPoint>
      <TimingPoint>
        <PositionInPattern>3</PositionInPattern>
        <PassingTime>2000-01-01T17:22:00.000</PassingTime>
        <NoteCode></NoteCode>
      </TimingPoint>
      <TimingPoint>
        <PositionInPattern>4</PositionInPattern>
        <PassingTime>2000-01-01T17:33:00.000</PassingTime>
        <NoteCode></NoteCode>
      </TimingPoint>
    </Trip>
    <Trip>
      <RouteIdentifier> 131</RouteIdentifier>
      <NoteCode></NoteCode>
      <SequenceNo>12</SequenceNo>
      <trp_route_public> 131</trp_route_public>
      <TimingPoint>
        <PositionInPattern>0</PositionInPattern>
        <PassingTime>2000-01-01T18:02:00.000</PassingTime>
        <NoteCode></NoteCode>
      </TimingPoint>
      <TimingPoint>
        <PositionInPattern>1</PositionInPattern>
        <PassingTime>2000-01-01T18:07:00.000</PassingTime>
        <NoteCode></NoteCode>
      </TimingPoint>
      <TimingPoint>
        <PositionInPattern>2</PositionInPattern>
        <PassingTime>2000-01-01T18:15:00.000</PassingTime>
        <NoteCode></NoteCode>
      </TimingPoint>
      <TimingPoint>
        <PositionInPattern>3</PositionInPattern>
        <PassingTime>2000-01-01T18:22:00.000</PassingTime>
        <NoteCode></NoteCode>
      </TimingPoint>
      <TimingPoint>
        <PositionInPattern>4</PositionInPattern>
        <PassingTime>2000-01-01T18:31:00.000</PassingTime>
        <NoteCode></NoteCode>
      </TimingPoint>
    </Trip>
    <Trip>
      <RouteIdentifier> 131</RouteIdentifier>
      <NoteCode></NoteCode>
      <SequenceNo>13</SequenceNo>
      <trp_route_public> 131</trp_route_public>
      <TimingPoint>
        <PositionInPattern>0</PositionInPattern>
        <PassingTime>2000-01-01T19:02:00.000</PassingTime>
        <NoteCode></NoteCode>
      </TimingPoint>
      <TimingPoint>
        <PositionInPattern>1</PositionInPattern>
        <PassingTime>2000-01-01T19:07:00.000</PassingTime>
        <NoteCode></NoteCode>
      </TimingPoint>
      <TimingPoint>
        <PositionInPattern>2</PositionInPattern>
        <PassingTime>2000-01-01T19:15:00.000</PassingTime>
        <NoteCode></NoteCode>
      </TimingPoint>
      <TimingPoint>
        <PositionInPattern>3</PositionInPattern>
        <PassingTime>2000-01-01T19:22:00.000</PassingTime>
        <NoteCode></NoteCode>
      </TimingPoint>
      <TimingPoint>
        <PositionInPattern>4</PositionInPattern>
        <PassingTime>2000-01-01T19:31:00.000</PassingTime>
        <NoteCode></NoteCode>
      </TimingPoint>
    </Trip>
    <PttPlaceInfoPlace>
      <PlaceIdentifier>ecc</PlaceIdentifier>
      <PositionInPattern>0</PositionInPattern>
    </PttPlaceInfoPlace>
    <PttPlaceInfoPlace>
      <PlaceIdentifier>21284</PlaceIdentifier>
      <PositionInPattern>1</PositionInPattern>
    </PttPlaceInfoPlace>
    <PttPlaceInfoPlace>
      <PlaceIdentifier>edmsc</PlaceIdentifier>
      <PositionInPattern>2</PositionInPattern>
    </PttPlaceInfoPlace>
    <PttPlaceInfoPlace>
      <PlaceIdentifier>wstgt</PlaceIdentifier>
      <PositionInPattern>3</PositionInPattern>
    </PttPlaceInfoPlace>
    <PttPlaceInfoPlace>
      <PlaceIdentifier>arvil</PlaceIdentifier>
      <PositionInPattern>4</PositionInPattern>
    </PttPlaceInfoPlace>
  </PttPlaceInfo>
  <PttPlaceInfo>
    <Identifier>131n</Identifier>
    <Description>131 nb</Description>
    <ScheduleType>Saturday</ScheduleType>
    <DirectionName>Edmonds Community College</DirectionName>
    <Trip>
      <RouteIdentifier> 131</RouteIdentifier>
      <NoteCode></NoteCode>
      <SequenceNo>0</SequenceNo>
      <trp_route_public> 131</trp_route_public>
      <TimingPoint>
        <PositionInPattern>0</PositionInPattern>
        <PassingTime>2000-01-01T07:35:00.000</PassingTime>
        <NoteCode></NoteCode>
      </TimingPoint>
      <TimingPoint>
        <PositionInPattern>1</PositionInPattern>
        <PassingTime>2000-01-01T07:43:00.000</PassingTime>
        <NoteCode></NoteCode>
      </TimingPoint>
      <TimingPoint>
        <PositionInPattern>2</PositionInPattern>
        <PassingTime>2000-01-01T07:49:00.000</PassingTime>
        <NoteCode></NoteCode>
      </TimingPoint>
      <TimingPoint>
        <PositionInPattern>3</PositionInPattern>
        <PassingTime>2000-01-01T07:56:00.000</PassingTime>
        <NoteCode></NoteCode>
      </TimingPoint>
      <TimingPoint>
        <PositionInPattern>4</PositionInPattern>
        <PassingTime>2000-01-01T08:04:00.000</PassingTime>
        <NoteCode></NoteCode>
      </TimingPoint>
    </Trip>
    <Trip>
      <RouteIdentifier> 131</RouteIdentifier>
      <NoteCode></NoteCode>
      <SequenceNo>1</SequenceNo>
      <trp_route_public> 131</trp_route_public>
      <TimingPoint>
        <PositionInPattern>0</PositionInPattern>
        <PassingTime>2000-01-01T08:35:00.000</PassingTime>
        <NoteCode></NoteCode>
      </TimingPoint>
      <TimingPoint>
        <PositionInPattern>1</PositionInPattern>
        <PassingTime>2000-01-01T08:43:00.000</PassingTime>
        <NoteCode></NoteCode>
      </TimingPoint>
      <TimingPoint>
        <PositionInPattern>2</PositionInPattern>
        <PassingTime>2000-01-01T08:49:00.000</PassingTime>
        <NoteCode></NoteCode>
      </TimingPoint>
      <TimingPoint>
        <PositionInPattern>3</PositionInPattern>
        <PassingTime>2000-01-01T08:56:00.000</PassingTime>
        <NoteCode></NoteCode>
      </TimingPoint>
      <TimingPoint>
        <PositionInPattern>4</PositionInPattern>
        <PassingTime>2000-01-01T09:04:00.000</PassingTime>
        <NoteCode></NoteCode>
      </TimingPoint>
    </Trip>
    <Trip>
      <RouteIdentifier> 131</RouteIdentifier>
      <NoteCode></NoteCode>
      <SequenceNo>2</SequenceNo>
      <trp_route_public> 131</trp_route_public>
      <TimingPoint>
        <PositionInPattern>0</PositionInPattern>
        <PassingTime>2000-01-01T09:35:00.000</PassingTime>
        <NoteCode></NoteCode>
      </TimingPoint>
      <TimingPoint>
        <PositionInPattern>1</PositionInPattern>
        <PassingTime>2000-01-01T09:43:00.000</PassingTime>
        <NoteCode></NoteCode>
      </TimingPoint>
      <TimingPoint>
        <PositionInPattern>2</PositionInPattern>
        <PassingTime>2000-01-01T09:49:00.000</PassingTime>
        <NoteCode></NoteCode>
      </TimingPoint>
      <TimingPoint>
        <PositionInPattern>3</PositionInPattern>
        <PassingTime>2000-01-01T09:56:00.000</PassingTime>
        <NoteCode></NoteCode>
      </TimingPoint>
      <TimingPoint>
        <PositionInPattern>4</PositionInPattern>
        <PassingTime>2000-01-01T10:04:00.000</PassingTime>
        <NoteCode></NoteCode>
      </TimingPoint>
    </Trip>
    <Trip>
      <RouteIdentifier> 131</RouteIdentifier>
      <NoteCode></NoteCode>
      <SequenceNo>3</SequenceNo>
      <trp_route_public> 131</trp_route_public>
      <TimingPoint>
        <PositionInPattern>0</PositionInPattern>
        <PassingTime>2000-01-01T10:35:00.000</PassingTime>
        <NoteCode></NoteCode>
      </TimingPoint>
      <TimingPoint>
        <PositionInPattern>1</PositionInPattern>
        <PassingTime>2000-01-01T10:43:00.000</PassingTime>
        <NoteCode></NoteCode>
      </TimingPoint>
      <TimingPoint>
        <PositionInPattern>2</PositionInPattern>
        <PassingTime>2000-01-01T10:49:00.000</PassingTime>
        <NoteCode></NoteCode>
      </TimingPoint>
      <TimingPoint>
        <PositionInPattern>3</PositionInPattern>
        <PassingTime>2000-01-01T10:56:00.000</PassingTime>
        <NoteCode></NoteCode>
      </TimingPoint>
      <TimingPoint>
        <PositionInPattern>4</PositionInPattern>
        <PassingTime>2000-01-01T11:04:00.000</PassingTime>
        <NoteCode></NoteCode>
      </TimingPoint>
    </Trip>
    <Trip>
      <RouteIdentifier> 131</RouteIdentifier>
      <NoteCode></NoteCode>
      <SequenceNo>4</SequenceNo>
      <trp_route_public> 131</trp_route_public>
      <TimingPoint>
        <PositionInPattern>0</PositionInPattern>
        <PassingTime>2000-01-01T11:35:00.000</PassingTime>
        <NoteCode></NoteCode>
      </TimingPoint>
      <TimingPoint>
        <PositionInPattern>1</PositionInPattern>
        <PassingTime>2000-01-01T11:43:00.000</PassingTime>
        <NoteCode></NoteCode>
      </TimingPoint>
      <TimingPoint>
        <PositionInPattern>2</PositionInPattern>
        <PassingTime>2000-01-01T11:49:00.000</PassingTime>
        <NoteCode></NoteCode>
      </TimingPoint>
      <TimingPoint>
        <PositionInPattern>3</PositionInPattern>
        <PassingTime>2000-01-01T11:56:00.000</PassingTime>
        <NoteCode></NoteCode>
      </TimingPoint>
      <TimingPoint>
        <PositionInPattern>4</PositionInPattern>
        <PassingTime>2000-01-01T12:04:00.000</PassingTime>
        <NoteCode></NoteCode>
      </TimingPoint>
    </Trip>
    <Trip>
      <RouteIdentifier> 131</RouteIdentifier>
      <NoteCode></NoteCode>
      <SequenceNo>5</SequenceNo>
      <trp_route_public> 131</trp_route_public>
      <TimingPoint>
        <PositionInPattern>0</PositionInPattern>
        <PassingTime>2000-01-01T12:35:00.000</PassingTime>
        <NoteCode></NoteCode>
      </TimingPoint>
      <TimingPoint>
        <PositionInPattern>1</PositionInPattern>
        <PassingTime>2000-01-01T12:43:00.000</PassingTime>
        <NoteCode></NoteCode>
      </TimingPoint>
      <TimingPoint>
        <PositionInPattern>2</PositionInPattern>
        <PassingTime>2000-01-01T12:49:00.000</PassingTime>
        <NoteCode></NoteCode>
      </TimingPoint>
      <TimingPoint>
        <PositionInPattern>3</PositionInPattern>
        <PassingTime>2000-01-01T12:56:00.000</PassingTime>
        <NoteCode></NoteCode>
      </TimingPoint>
      <TimingPoint>
        <PositionInPattern>4</PositionInPattern>
        <PassingTime>2000-01-01T13:04:00.000</PassingTime>
        <NoteCode></NoteCode>
      </TimingPoint>
    </Trip>
    <Trip>
      <RouteIdentifier> 131</RouteIdentifier>
      <NoteCode></NoteCode>
      <SequenceNo>6</SequenceNo>
      <trp_route_public> 131</trp_route_public>
      <TimingPoint>
        <PositionInPattern>0</PositionInPattern>
        <PassingTime>2000-01-01T13:36:00.000</PassingTime>
        <NoteCode></NoteCode>
      </TimingPoint>
      <TimingPoint>
        <PositionInPattern>1</PositionInPattern>
        <PassingTime>2000-01-01T13:44:00.000</PassingTime>
        <NoteCode></NoteCode>
      </TimingPoint>
      <TimingPoint>
        <PositionInPattern>2</PositionInPattern>
        <PassingTime>2000-01-01T13:50:00.000</PassingTime>
        <NoteCode></NoteCode>
      </TimingPoint>
      <TimingPoint>
        <PositionInPattern>3</PositionInPattern>
        <PassingTime>2000-01-01T13:57:00.000</PassingTime>
        <NoteCode></NoteCode>
      </TimingPoint>
      <TimingPoint>
        <PositionInPattern>4</PositionInPattern>
        <PassingTime>2000-01-01T14:05:00.000</PassingTime>
        <NoteCode></NoteCode>
      </TimingPoint>
    </Trip>
    <Trip>
      <RouteIdentifier> 131</RouteIdentifier>
      <NoteCode></NoteCode>
      <SequenceNo>7</SequenceNo>
      <trp_route_public> 131</trp_route_public>
      <TimingPoint>
        <PositionInPattern>0</PositionInPattern>
        <PassingTime>2000-01-01T14:36:00.000</PassingTime>
        <NoteCode></NoteCode>
      </TimingPoint>
      <TimingPoint>
        <PositionInPattern>1</PositionInPattern>
        <PassingTime>2000-01-01T14:45:00.000</PassingTime>
        <NoteCode></NoteCode>
      </TimingPoint>
      <TimingPoint>
        <PositionInPattern>2</PositionInPattern>
        <PassingTime>2000-01-01T14:52:00.000</PassingTime>
        <NoteCode></NoteCode>
      </TimingPoint>
      <TimingPoint>
        <PositionInPattern>3</PositionInPattern>
        <PassingTime>2000-01-01T15:00:00.000</PassingTime>
        <NoteCode></NoteCode>
      </TimingPoint>
      <TimingPoint>
        <PositionInPattern>4</PositionInPattern>
        <PassingTime>2000-01-01T15:08:00.000</PassingTime>
        <NoteCode></NoteCode>
      </TimingPoint>
    </Trip>
    <Trip>
      <RouteIdentifier> 131</RouteIdentifier>
      <NoteCode></NoteCode>
      <SequenceNo>8</SequenceNo>
      <trp_route_public> 131</trp_route_public>
      <TimingPoint>
        <PositionInPattern>0</PositionInPattern>
        <PassingTime>2000-01-01T15:36:00.000</PassingTime>
        <NoteCode></NoteCode>
      </TimingPoint>
      <TimingPoint>
        <PositionInPattern>1</PositionInPattern>
        <PassingTime>2000-01-01T15:45:00.000</PassingTime>
        <NoteCode></NoteCode>
      </TimingPoint>
      <TimingPoint>
        <PositionInPattern>2</PositionInPattern>
        <PassingTime>2000-01-01T15:52:00.000</PassingTime>
        <NoteCode></NoteCode>
      </TimingPoint>
      <TimingPoint>
        <PositionInPattern>3</PositionInPattern>
        <PassingTime>2000-01-01T16:00:00.000</PassingTime>
        <NoteCode></NoteCode>
      </TimingPoint>
      <TimingPoint>
        <PositionInPattern>4</PositionInPattern>
        <PassingTime>2000-01-01T16:08:00.000</PassingTime>
        <NoteCode></NoteCode>
      </TimingPoint>
    </Trip>
    <Trip>
      <RouteIdentifier> 131</RouteIdentifier>
      <NoteCode></NoteCode>
      <SequenceNo>9</SequenceNo>
      <trp_route_public> 131</trp_route_public>
      <TimingPoint>
        <PositionInPattern>0</PositionInPattern>
        <PassingTime>2000-01-01T16:36:00.000</PassingTime>
        <NoteCode></NoteCode>
      </TimingPoint>
      <TimingPoint>
        <PositionInPattern>1</PositionInPattern>
        <PassingTime>2000-01-01T16:45:00.000</PassingTime>
        <NoteCode></NoteCode>
      </TimingPoint>
      <TimingPoint>
        <PositionInPattern>2</PositionInPattern>
        <PassingTime>2000-01-01T16:52:00.000</PassingTime>
        <NoteCode></NoteCode>
      </TimingPoint>
      <TimingPoint>
        <PositionInPattern>3</PositionInPattern>
        <PassingTime>2000-01-01T17:00:00.000</PassingTime>
        <NoteCode></NoteCode>
      </TimingPoint>
      <TimingPoint>
        <PositionInPattern>4</PositionInPattern>
        <PassingTime>2000-01-01T17:08:00.000</PassingTime>
        <NoteCode></NoteCode>
      </TimingPoint>
    </Trip>
    <Trip>
      <RouteIdentifier> 131</RouteIdentifier>
      <NoteCode></NoteCode>
      <SequenceNo>10</SequenceNo>
      <trp_route_public> 131</trp_route_public>
      <TimingPoint>
        <PositionInPattern>0</PositionInPattern>
        <PassingTime>2000-01-01T17:35:00.000</PassingTime>
        <NoteCode></NoteCode>
      </TimingPoint>
      <TimingPoint>
        <PositionInPattern>1</PositionInPattern>
        <PassingTime>2000-01-01T17:43:00.000</PassingTime>
        <NoteCode></NoteCode>
      </TimingPoint>
      <TimingPoint>
        <PositionInPattern>2</PositionInPattern>
        <PassingTime>2000-01-01T17:49:00.000</PassingTime>
        <NoteCode></NoteCode>
      </TimingPoint>
      <TimingPoint>
        <PositionInPattern>3</PositionInPattern>
        <PassingTime>2000-01-01T17:56:00.000</PassingTime>
        <NoteCode></NoteCode>
      </TimingPoint>
      <TimingPoint>
        <PositionInPattern>4</PositionInPattern>
        <PassingTime>2000-01-01T18:04:00.000</PassingTime>
        <NoteCode></NoteCode>
      </TimingPoint>
    </Trip>
    <Trip>
      <RouteIdentifier> 131</RouteIdentifier>
      <NoteCode></NoteCode>
      <SequenceNo>11</SequenceNo>
      <trp_route_public> 131</trp_route_public>
      <TimingPoint>
        <PositionInPattern>0</PositionInPattern>
        <PassingTime>2000-01-01T18:35:00.000</PassingTime>
        <NoteCode></NoteCode>
      </TimingPoint>
      <TimingPoint>
        <PositionInPattern>1</PositionInPattern>
        <PassingTime>2000-01-01T18:43:00.000</PassingTime>
        <NoteCode></NoteCode>
      </TimingPoint>
      <TimingPoint>
        <PositionInPattern>2</PositionInPattern>
        <PassingTime>2000-01-01T18:49:00.000</PassingTime>
        <NoteCode></NoteCode>
      </TimingPoint>
      <TimingPoint>
        <PositionInPattern>3</PositionInPattern>
        <PassingTime>2000-01-01T18:56:00.000</PassingTime>
        <NoteCode></NoteCode>
      </TimingPoint>
      <TimingPoint>
        <PositionInPattern>4</PositionInPattern>
        <PassingTime>2000-01-01T19:04:00.000</PassingTime>
        <NoteCode></NoteCode>
      </TimingPoint>
    </Trip>
    <Trip>
      <RouteIdentifier> 131</RouteIdentifier>
      <NoteCode></NoteCode>
      <SequenceNo>12</SequenceNo>
      <trp_route_public> 131</trp_route_public>
      <TimingPoint>
        <PositionInPattern>0</PositionInPattern>
        <PassingTime>2000-01-01T19:35:00.000</PassingTime>
        <NoteCode></NoteCode>
      </TimingPoint>
      <TimingPoint>
        <PositionInPattern>1</PositionInPattern>
        <PassingTime>2000-01-01T19:43:00.000</PassingTime>
        <NoteCode></NoteCode>
      </TimingPoint>
      <TimingPoint>
        <PositionInPattern>2</PositionInPattern>
        <PassingTime>2000-01-01T19:49:00.000</PassingTime>
        <NoteCode></NoteCode>
      </TimingPoint>
      <TimingPoint>
        <PositionInPattern>3</PositionInPattern>
        <PassingTime>2000-01-01T19:56:00.000</PassingTime>
        <NoteCode></NoteCode>
      </TimingPoint>
      <TimingPoint>
        <PositionInPattern>4</PositionInPattern>
        <PassingTime>2000-01-01T20:04:00.000</PassingTime>
        <NoteCode></NoteCode>
      </TimingPoint>
    </Trip>
    <Trip>
      <RouteIdentifier> 131</RouteIdentifier>
      <NoteCode></NoteCode>
      <SequenceNo>13</SequenceNo>
      <trp_route_public> 131</trp_route_public>
      <TimingPoint>
        <PositionInPattern>0</PositionInPattern>
        <PassingTime>2000-01-01T20:35:00.000</PassingTime>
        <NoteCode></NoteCode>
      </TimingPoint>
      <TimingPoint>
        <PositionInPattern>1</PositionInPattern>
        <PassingTime>2000-01-01T20:43:00.000</PassingTime>
        <NoteCode></NoteCode>
      </TimingPoint>
      <TimingPoint>
        <PositionInPattern>2</PositionInPattern>
        <PassingTime>2000-01-01T20:49:00.000</PassingTime>
        <NoteCode></NoteCode>
      </TimingPoint>
      <TimingPoint>
        <PositionInPattern>3</PositionInPattern>
        <PassingTime>2000-01-01T20:56:00.000</PassingTime>
        <NoteCode></NoteCode>
      </TimingPoint>
      <TimingPoint>
        <PositionInPattern>4</PositionInPattern>
        <PassingTime>2000-01-01T21:04:00.000</PassingTime>
        <NoteCode></NoteCode>
      </TimingPoint>
    </Trip>
    <PttPlaceInfoPlace>
      <PlaceIdentifier>arvil</PlaceIdentifier>
      <PositionInPattern>0</PositionInPattern>
    </PttPlaceInfoPlace>
    <PttPlaceInfoPlace>
      <PlaceIdentifier>wstgt</PlaceIdentifier>
      <PositionInPattern>1</PositionInPattern>
    </PttPlaceInfoPlace>
    <PttPlaceInfoPlace>
      <PlaceIdentifier>edmsc</PlaceIdentifier>
      <PositionInPattern>2</PositionInPattern>
    </PttPlaceInfoPlace>
    <PttPlaceInfoPlace>
      <PlaceIdentifier>21284</PlaceIdentifier>
      <PositionInPattern>3</PositionInPattern>
    </PttPlaceInfoPlace>
    <PttPlaceInfoPlace>
      <PlaceIdentifier>ecc</PlaceIdentifier>
      <PositionInPattern>4</PositionInPattern>
    </PttPlaceInfoPlace>
  </PttPlaceInfo>
  <Place>
    <Identifier>ecc</Identifier>
    <Description>Edmonds Community College</Description>
  </Place>
  <Place>
    <Identifier>21284</Identifier>
    <Description>212th &amp; 84th W</Description>
  </Place>
  <Place>
    <Identifier>edmsc</Identifier>
    <Description>Edmonds Senior Center</Description>
  </Place>
  <Place>
    <Identifier>wstgt</Identifier>
    <Description>100th W &amp; Edmonds Way</Description>
  </Place>
  <Place>
    <Identifier>arvil</Identifier>
    <Description>Aurora Village Transit Center</Description>
  </Place>
</PublicTimeTable>