﻿<?xml version="1.0" encoding="utf-8"?>
<PublicTimeTable>
  <CurrentDate>2010-12-09</CurrentDate>
  <VehicleSchedule>
    <BookingIdentifier>11FEB</BookingIdentifier>
    <Name>1-201</Name>
    <Type>Weekday</Type>
    <Scenario>1</Scenario>
    <Description>CT Weekday WORKING FILE; eff. 02-06-11</Description>
    <DateStamp>2010-12-09</DateStamp>
    <TimeStamp>2000-01-01T13:01:39.000</TimeStamp>
  </VehicleSchedule>
  <Route>
    <Identifier>105</Identifier>
    <Description>Mariner P&amp;R - Bothell</Description>
    <PublicIdentifier>105</PublicIdentifier>
    <FirstDirectionName>UW Bothell</FirstDirectionName>
    <SecondDirectionName>Mariner Park &amp; Ride</SecondDirectionName>
  </Route>
  <PttPlaceInfo>
    <Identifier>105s</Identifier>
    <Description>105 sb</Description>
    <ScheduleType>Weekday</ScheduleType>
    <DirectionName>UW Bothell</DirectionName>
    <Trip>
      <RouteIdentifier> 105</RouteIdentifier>
      <NoteCode></NoteCode>
      <SequenceNo>0</SequenceNo>
      <trp_route_public> 105</trp_route_public>
      <TimingPoint>
        <PositionInPattern>0</PositionInPattern>
        <PassingTime>2000-01-01T04:58:00.000</PassingTime>
        <NoteCode></NoteCode>
      </TimingPoint>
      <TimingPoint>
        <PositionInPattern>1</PositionInPattern>
        <PassingTime>2000-01-01T05:02:00.000</PassingTime>
        <NoteCode></NoteCode>
      </TimingPoint>
      <TimingPoint>
        <PositionInPattern>2</PositionInPattern>
        <PassingTime>2000-01-01T05:07:00.000</PassingTime>
        <NoteCode></NoteCode>
      </TimingPoint>
      <TimingPoint>
        <PositionInPattern>3</PositionInPattern>
        <PassingTime>2000-01-01T05:19:00.000</PassingTime>
        <NoteCode></NoteCode>
      </TimingPoint>
      <TimingPoint>
        <PositionInPattern>4</PositionInPattern>
        <PassingTime>2000-01-01T05:27:00.000</PassingTime>
        <NoteCode></NoteCode>
      </TimingPoint>
      <TimingPoint>
        <PositionInPattern>5</PositionInPattern>
        <PassingTime>2000-01-01T05:32:00.000</PassingTime>
        <NoteCode></NoteCode>
      </TimingPoint>
    </Trip>
    <Trip>
      <RouteIdentifier> 105</RouteIdentifier>
      <NoteCode></NoteCode>
      <SequenceNo>1</SequenceNo>
      <trp_route_public> 105</trp_route_public>
      <TimingPoint>
        <PositionInPattern>0</PositionInPattern>
        <PassingTime>2000-01-01T05:18:00.000</PassingTime>
        <NoteCode></NoteCode>
      </TimingPoint>
      <TimingPoint>
        <PositionInPattern>1</PositionInPattern>
        <PassingTime>2000-01-01T05:22:00.000</PassingTime>
        <NoteCode></NoteCode>
      </TimingPoint>
      <TimingPoint>
        <PositionInPattern>2</PositionInPattern>
        <PassingTime>2000-01-01T05:27:00.000</PassingTime>
        <NoteCode></NoteCode>
      </TimingPoint>
      <TimingPoint>
        <PositionInPattern>3</PositionInPattern>
        <PassingTime>2000-01-01T05:39:00.000</PassingTime>
        <NoteCode></NoteCode>
      </TimingPoint>
      <TimingPoint>
        <PositionInPattern>4</PositionInPattern>
        <PassingTime>2000-01-01T05:47:00.000</PassingTime>
        <NoteCode></NoteCode>
      </TimingPoint>
      <TimingPoint>
        <PositionInPattern>5</PositionInPattern>
        <PassingTime>2000-01-01T05:52:00.000</PassingTime>
        <NoteCode></NoteCode>
      </TimingPoint>
    </Trip>
    <Trip>
      <RouteIdentifier> 105</RouteIdentifier>
      <NoteCode></NoteCode>
      <SequenceNo>2</SequenceNo>
      <trp_route_public> 105</trp_route_public>
      <TimingPoint>
        <PositionInPattern>0</PositionInPattern>
        <PassingTime>2000-01-01T05:38:00.000</PassingTime>
        <NoteCode></NoteCode>
      </TimingPoint>
      <TimingPoint>
        <PositionInPattern>1</PositionInPattern>
        <PassingTime>2000-01-01T05:42:00.000</PassingTime>
        <NoteCode></NoteCode>
      </TimingPoint>
      <TimingPoint>
        <PositionInPattern>2</PositionInPattern>
        <PassingTime>2000-01-01T05:47:00.000</PassingTime>
        <NoteCode></NoteCode>
      </TimingPoint>
      <TimingPoint>
        <PositionInPattern>3</PositionInPattern>
        <PassingTime>2000-01-01T05:59:00.000</PassingTime>
        <NoteCode></NoteCode>
      </TimingPoint>
      <TimingPoint>
        <PositionInPattern>4</PositionInPattern>
        <PassingTime>2000-01-01T06:08:00.000</PassingTime>
        <NoteCode></NoteCode>
      </TimingPoint>
      <TimingPoint>
        <PositionInPattern>5</PositionInPattern>
        <PassingTime>2000-01-01T06:14:00.000</PassingTime>
        <NoteCode></NoteCode>
      </TimingPoint>
    </Trip>
    <Trip>
      <RouteIdentifier> 105</RouteIdentifier>
      <NoteCode></NoteCode>
      <SequenceNo>3</SequenceNo>
      <trp_route_public> 105</trp_route_public>
      <TimingPoint>
        <PositionInPattern>0</PositionInPattern>
        <PassingTime>2000-01-01T05:58:00.000</PassingTime>
        <NoteCode></NoteCode>
      </TimingPoint>
      <TimingPoint>
        <PositionInPattern>1</PositionInPattern>
        <PassingTime>2000-01-01T06:02:00.000</PassingTime>
        <NoteCode></NoteCode>
      </TimingPoint>
      <TimingPoint>
        <PositionInPattern>2</PositionInPattern>
        <PassingTime>2000-01-01T06:08:00.000</PassingTime>
        <NoteCode></NoteCode>
      </TimingPoint>
      <TimingPoint>
        <PositionInPattern>3</PositionInPattern>
        <PassingTime>2000-01-01T06:20:00.000</PassingTime>
        <NoteCode></NoteCode>
      </TimingPoint>
      <TimingPoint>
        <PositionInPattern>4</PositionInPattern>
        <PassingTime>2000-01-01T06:29:00.000</PassingTime>
        <NoteCode></NoteCode>
      </TimingPoint>
      <TimingPoint>
        <PositionInPattern>5</PositionInPattern>
        <PassingTime>2000-01-01T06:35:00.000</PassingTime>
        <NoteCode></NoteCode>
      </TimingPoint>
    </Trip>
    <Trip>
      <RouteIdentifier> 105</RouteIdentifier>
      <NoteCode></NoteCode>
      <SequenceNo>4</SequenceNo>
      <trp_route_public> 105</trp_route_public>
      <TimingPoint>
        <PositionInPattern>0</PositionInPattern>
        <PassingTime>2000-01-01T06:18:00.000</PassingTime>
        <NoteCode></NoteCode>
      </TimingPoint>
      <TimingPoint>
        <PositionInPattern>1</PositionInPattern>
        <PassingTime>2000-01-01T06:22:00.000</PassingTime>
        <NoteCode></NoteCode>
      </TimingPoint>
      <TimingPoint>
        <PositionInPattern>2</PositionInPattern>
        <PassingTime>2000-01-01T06:28:00.000</PassingTime>
        <NoteCode></NoteCode>
      </TimingPoint>
      <TimingPoint>
        <PositionInPattern>3</PositionInPattern>
        <PassingTime>2000-01-01T06:40:00.000</PassingTime>
        <NoteCode></NoteCode>
      </TimingPoint>
      <TimingPoint>
        <PositionInPattern>4</PositionInPattern>
        <PassingTime>2000-01-01T06:49:00.000</PassingTime>
        <NoteCode></NoteCode>
      </TimingPoint>
      <TimingPoint>
        <PositionInPattern>5</PositionInPattern>
        <PassingTime>2000-01-01T06:55:00.000</PassingTime>
        <NoteCode></NoteCode>
      </TimingPoint>
    </Trip>
    <Trip>
      <RouteIdentifier> 105</RouteIdentifier>
      <NoteCode></NoteCode>
      <SequenceNo>5</SequenceNo>
      <trp_route_public> 105</trp_route_public>
      <TimingPoint>
        <PositionInPattern>0</PositionInPattern>
        <PassingTime>2000-01-01T06:38:00.000</PassingTime>
        <NoteCode></NoteCode>
      </TimingPoint>
      <TimingPoint>
        <PositionInPattern>1</PositionInPattern>
        <PassingTime>2000-01-01T06:42:00.000</PassingTime>
        <NoteCode></NoteCode>
      </TimingPoint>
      <TimingPoint>
        <PositionInPattern>2</PositionInPattern>
        <PassingTime>2000-01-01T06:48:00.000</PassingTime>
        <NoteCode></NoteCode>
      </TimingPoint>
      <TimingPoint>
        <PositionInPattern>3</PositionInPattern>
        <PassingTime>2000-01-01T07:00:00.000</PassingTime>
        <NoteCode></NoteCode>
      </TimingPoint>
      <TimingPoint>
        <PositionInPattern>4</PositionInPattern>
        <PassingTime>2000-01-01T07:09:00.000</PassingTime>
        <NoteCode></NoteCode>
      </TimingPoint>
      <TimingPoint>
        <PositionInPattern>5</PositionInPattern>
        <PassingTime>2000-01-01T07:15:00.000</PassingTime>
        <NoteCode></NoteCode>
      </TimingPoint>
    </Trip>
    <Trip>
      <RouteIdentifier> 105</RouteIdentifier>
      <NoteCode></NoteCode>
      <SequenceNo>6</SequenceNo>
      <trp_route_public> 105</trp_route_public>
      <TimingPoint>
        <PositionInPattern>0</PositionInPattern>
        <PassingTime>2000-01-01T06:58:00.000</PassingTime>
        <NoteCode></NoteCode>
      </TimingPoint>
      <TimingPoint>
        <PositionInPattern>1</PositionInPattern>
        <PassingTime>2000-01-01T07:02:00.000</PassingTime>
        <NoteCode></NoteCode>
      </TimingPoint>
      <TimingPoint>
        <PositionInPattern>2</PositionInPattern>
        <PassingTime>2000-01-01T07:08:00.000</PassingTime>
        <NoteCode></NoteCode>
      </TimingPoint>
      <TimingPoint>
        <PositionInPattern>3</PositionInPattern>
        <PassingTime>2000-01-01T07:21:00.000</PassingTime>
        <NoteCode></NoteCode>
      </TimingPoint>
      <TimingPoint>
        <PositionInPattern>4</PositionInPattern>
        <PassingTime>2000-01-01T07:30:00.000</PassingTime>
        <NoteCode></NoteCode>
      </TimingPoint>
      <TimingPoint>
        <PositionInPattern>5</PositionInPattern>
        <PassingTime>2000-01-01T07:36:00.000</PassingTime>
        <NoteCode></NoteCode>
      </TimingPoint>
    </Trip>
    <Trip>
      <RouteIdentifier> 105</RouteIdentifier>
      <NoteCode></NoteCode>
      <SequenceNo>7</SequenceNo>
      <trp_route_public> 105</trp_route_public>
      <TimingPoint>
        <PositionInPattern>0</PositionInPattern>
        <PassingTime>2000-01-01T07:18:00.000</PassingTime>
        <NoteCode></NoteCode>
      </TimingPoint>
      <TimingPoint>
        <PositionInPattern>1</PositionInPattern>
        <PassingTime>2000-01-01T07:22:00.000</PassingTime>
        <NoteCode></NoteCode>
      </TimingPoint>
      <TimingPoint>
        <PositionInPattern>2</PositionInPattern>
        <PassingTime>2000-01-01T07:28:00.000</PassingTime>
        <NoteCode></NoteCode>
      </TimingPoint>
      <TimingPoint>
        <PositionInPattern>3</PositionInPattern>
        <PassingTime>2000-01-01T07:41:00.000</PassingTime>
        <NoteCode></NoteCode>
      </TimingPoint>
      <TimingPoint>
        <PositionInPattern>4</PositionInPattern>
        <PassingTime>2000-01-01T07:50:00.000</PassingTime>
        <NoteCode></NoteCode>
      </TimingPoint>
      <TimingPoint>
        <PositionInPattern>5</PositionInPattern>
        <PassingTime>2000-01-01T07:56:00.000</PassingTime>
        <NoteCode></NoteCode>
      </TimingPoint>
    </Trip>
    <Trip>
      <RouteIdentifier> 105</RouteIdentifier>
      <NoteCode></NoteCode>
      <SequenceNo>8</SequenceNo>
      <trp_route_public> 105</trp_route_public>
      <TimingPoint>
        <PositionInPattern>0</PositionInPattern>
        <PassingTime>2000-01-01T07:38:00.000</PassingTime>
        <NoteCode></NoteCode>
      </TimingPoint>
      <TimingPoint>
        <PositionInPattern>1</PositionInPattern>
        <PassingTime>2000-01-01T07:42:00.000</PassingTime>
        <NoteCode></NoteCode>
      </TimingPoint>
      <TimingPoint>
        <PositionInPattern>2</PositionInPattern>
        <PassingTime>2000-01-01T07:48:00.000</PassingTime>
        <NoteCode></NoteCode>
      </TimingPoint>
      <TimingPoint>
        <PositionInPattern>3</PositionInPattern>
        <PassingTime>2000-01-01T08:01:00.000</PassingTime>
        <NoteCode></NoteCode>
      </TimingPoint>
      <TimingPoint>
        <PositionInPattern>4</PositionInPattern>
        <PassingTime>2000-01-01T08:10:00.000</PassingTime>
        <NoteCode></NoteCode>
      </TimingPoint>
      <TimingPoint>
        <PositionInPattern>5</PositionInPattern>
        <PassingTime>2000-01-01T08:16:00.000</PassingTime>
        <NoteCode></NoteCode>
      </TimingPoint>
    </Trip>
    <Trip>
      <RouteIdentifier> 105</RouteIdentifier>
      <NoteCode></NoteCode>
      <SequenceNo>9</SequenceNo>
      <trp_route_public> 105</trp_route_public>
      <TimingPoint>
        <PositionInPattern>0</PositionInPattern>
        <PassingTime>2000-01-01T07:58:00.000</PassingTime>
        <NoteCode></NoteCode>
      </TimingPoint>
      <TimingPoint>
        <PositionInPattern>1</PositionInPattern>
        <PassingTime>2000-01-01T08:02:00.000</PassingTime>
        <NoteCode></NoteCode>
      </TimingPoint>
      <TimingPoint>
        <PositionInPattern>2</PositionInPattern>
        <PassingTime>2000-01-01T08:08:00.000</PassingTime>
        <NoteCode></NoteCode>
      </TimingPoint>
      <TimingPoint>
        <PositionInPattern>3</PositionInPattern>
        <PassingTime>2000-01-01T08:21:00.000</PassingTime>
        <NoteCode></NoteCode>
      </TimingPoint>
      <TimingPoint>
        <PositionInPattern>4</PositionInPattern>
        <PassingTime>2000-01-01T08:30:00.000</PassingTime>
        <NoteCode></NoteCode>
      </TimingPoint>
      <TimingPoint>
        <PositionInPattern>5</PositionInPattern>
        <PassingTime>2000-01-01T08:36:00.000</PassingTime>
        <NoteCode></NoteCode>
      </TimingPoint>
    </Trip>
    <Trip>
      <RouteIdentifier> 105</RouteIdentifier>
      <NoteCode></NoteCode>
      <SequenceNo>10</SequenceNo>
      <trp_route_public> 105</trp_route_public>
      <TimingPoint>
        <PositionInPattern>0</PositionInPattern>
        <PassingTime>2000-01-01T08:28:00.000</PassingTime>
        <NoteCode></NoteCode>
      </TimingPoint>
      <TimingPoint>
        <PositionInPattern>1</PositionInPattern>
        <PassingTime>2000-01-01T08:32:00.000</PassingTime>
        <NoteCode></NoteCode>
      </TimingPoint>
      <TimingPoint>
        <PositionInPattern>2</PositionInPattern>
        <PassingTime>2000-01-01T08:38:00.000</PassingTime>
        <NoteCode></NoteCode>
      </TimingPoint>
      <TimingPoint>
        <PositionInPattern>3</PositionInPattern>
        <PassingTime>2000-01-01T08:51:00.000</PassingTime>
        <NoteCode></NoteCode>
      </TimingPoint>
      <TimingPoint>
        <PositionInPattern>4</PositionInPattern>
        <PassingTime>2000-01-01T09:00:00.000</PassingTime>
        <NoteCode></NoteCode>
      </TimingPoint>
      <TimingPoint>
        <PositionInPattern>5</PositionInPattern>
        <PassingTime>2000-01-01T09:06:00.000</PassingTime>
        <NoteCode></NoteCode>
      </TimingPoint>
    </Trip>
    <Trip>
      <RouteIdentifier> 105</RouteIdentifier>
      <NoteCode></NoteCode>
      <SequenceNo>11</SequenceNo>
      <trp_route_public> 105</trp_route_public>
      <TimingPoint>
        <PositionInPattern>0</PositionInPattern>
        <PassingTime>2000-01-01T08:58:00.000</PassingTime>
        <NoteCode></NoteCode>
      </TimingPoint>
      <TimingPoint>
        <PositionInPattern>1</PositionInPattern>
        <PassingTime>2000-01-01T09:02:00.000</PassingTime>
        <NoteCode></NoteCode>
      </TimingPoint>
      <TimingPoint>
        <PositionInPattern>2</PositionInPattern>
        <PassingTime>2000-01-01T09:09:00.000</PassingTime>
        <NoteCode></NoteCode>
      </TimingPoint>
      <TimingPoint>
        <PositionInPattern>3</PositionInPattern>
        <PassingTime>2000-01-01T09:22:00.000</PassingTime>
        <NoteCode></NoteCode>
      </TimingPoint>
      <TimingPoint>
        <PositionInPattern>4</PositionInPattern>
        <PassingTime>2000-01-01T09:30:00.000</PassingTime>
        <NoteCode></NoteCode>
      </TimingPoint>
      <TimingPoint>
        <PositionInPattern>5</PositionInPattern>
        <PassingTime>2000-01-01T09:36:00.000</PassingTime>
        <NoteCode></NoteCode>
      </TimingPoint>
    </Trip>
    <Trip>
      <RouteIdentifier> 105</RouteIdentifier>
      <NoteCode></NoteCode>
      <SequenceNo>12</SequenceNo>
      <trp_route_public> 105</trp_route_public>
      <TimingPoint>
        <PositionInPattern>0</PositionInPattern>
        <PassingTime>2000-01-01T09:28:00.000</PassingTime>
        <NoteCode></NoteCode>
      </TimingPoint>
      <TimingPoint>
        <PositionInPattern>1</PositionInPattern>
        <PassingTime>2000-01-01T09:32:00.000</PassingTime>
        <NoteCode></NoteCode>
      </TimingPoint>
      <TimingPoint>
        <PositionInPattern>2</PositionInPattern>
        <PassingTime>2000-01-01T09:39:00.000</PassingTime>
        <NoteCode></NoteCode>
      </TimingPoint>
      <TimingPoint>
        <PositionInPattern>3</PositionInPattern>
        <PassingTime>2000-01-01T09:52:00.000</PassingTime>
        <NoteCode></NoteCode>
      </TimingPoint>
      <TimingPoint>
        <PositionInPattern>4</PositionInPattern>
        <PassingTime>2000-01-01T10:00:00.000</PassingTime>
        <NoteCode></NoteCode>
      </TimingPoint>
      <TimingPoint>
        <PositionInPattern>5</PositionInPattern>
        <PassingTime>2000-01-01T10:06:00.000</PassingTime>
        <NoteCode></NoteCode>
      </TimingPoint>
    </Trip>
    <Trip>
      <RouteIdentifier> 105</RouteIdentifier>
      <NoteCode></NoteCode>
      <SequenceNo>13</SequenceNo>
      <trp_route_public> 105</trp_route_public>
      <TimingPoint>
        <PositionInPattern>0</PositionInPattern>
        <PassingTime>2000-01-01T09:58:00.000</PassingTime>
        <NoteCode></NoteCode>
      </TimingPoint>
      <TimingPoint>
        <PositionInPattern>1</PositionInPattern>
        <PassingTime>2000-01-01T10:02:00.000</PassingTime>
        <NoteCode></NoteCode>
      </TimingPoint>
      <TimingPoint>
        <PositionInPattern>2</PositionInPattern>
        <PassingTime>2000-01-01T10:09:00.000</PassingTime>
        <NoteCode></NoteCode>
      </TimingPoint>
      <TimingPoint>
        <PositionInPattern>3</PositionInPattern>
        <PassingTime>2000-01-01T10:22:00.000</PassingTime>
        <NoteCode></NoteCode>
      </TimingPoint>
      <TimingPoint>
        <PositionInPattern>4</PositionInPattern>
        <PassingTime>2000-01-01T10:30:00.000</PassingTime>
        <NoteCode></NoteCode>
      </TimingPoint>
      <TimingPoint>
        <PositionInPattern>5</PositionInPattern>
        <PassingTime>2000-01-01T10:36:00.000</PassingTime>
        <NoteCode></NoteCode>
      </TimingPoint>
    </Trip>
    <Trip>
      <RouteIdentifier> 105</RouteIdentifier>
      <NoteCode></NoteCode>
      <SequenceNo>14</SequenceNo>
      <trp_route_public> 105</trp_route_public>
      <TimingPoint>
        <PositionInPattern>0</PositionInPattern>
        <PassingTime>2000-01-01T10:28:00.000</PassingTime>
        <NoteCode></NoteCode>
      </TimingPoint>
      <TimingPoint>
        <PositionInPattern>1</PositionInPattern>
        <PassingTime>2000-01-01T10:32:00.000</PassingTime>
        <NoteCode></NoteCode>
      </TimingPoint>
      <TimingPoint>
        <PositionInPattern>2</PositionInPattern>
        <PassingTime>2000-01-01T10:39:00.000</PassingTime>
        <NoteCode></NoteCode>
      </TimingPoint>
      <TimingPoint>
        <PositionInPattern>3</PositionInPattern>
        <PassingTime>2000-01-01T10:52:00.000</PassingTime>
        <NoteCode></NoteCode>
      </TimingPoint>
      <TimingPoint>
        <PositionInPattern>4</PositionInPattern>
        <PassingTime>2000-01-01T11:00:00.000</PassingTime>
        <NoteCode></NoteCode>
      </TimingPoint>
      <TimingPoint>
        <PositionInPattern>5</PositionInPattern>
        <PassingTime>2000-01-01T11:06:00.000</PassingTime>
        <NoteCode></NoteCode>
      </TimingPoint>
    </Trip>
    <Trip>
      <RouteIdentifier> 105</RouteIdentifier>
      <NoteCode></NoteCode>
      <SequenceNo>15</SequenceNo>
      <trp_route_public> 105</trp_route_public>
      <TimingPoint>
        <PositionInPattern>0</PositionInPattern>
        <PassingTime>2000-01-01T10:58:00.000</PassingTime>
        <NoteCode></NoteCode>
      </TimingPoint>
      <TimingPoint>
        <PositionInPattern>1</PositionInPattern>
        <PassingTime>2000-01-01T11:02:00.000</PassingTime>
        <NoteCode></NoteCode>
      </TimingPoint>
      <TimingPoint>
        <PositionInPattern>2</PositionInPattern>
        <PassingTime>2000-01-01T11:09:00.000</PassingTime>
        <NoteCode></NoteCode>
      </TimingPoint>
      <TimingPoint>
        <PositionInPattern>3</PositionInPattern>
        <PassingTime>2000-01-01T11:22:00.000</PassingTime>
        <NoteCode></NoteCode>
      </TimingPoint>
      <TimingPoint>
        <PositionInPattern>4</PositionInPattern>
        <PassingTime>2000-01-01T11:30:00.000</PassingTime>
        <NoteCode></NoteCode>
      </TimingPoint>
      <TimingPoint>
        <PositionInPattern>5</PositionInPattern>
        <PassingTime>2000-01-01T11:36:00.000</PassingTime>
        <NoteCode></NoteCode>
      </TimingPoint>
    </Trip>
    <Trip>
      <RouteIdentifier> 105</RouteIdentifier>
      <NoteCode></NoteCode>
      <SequenceNo>16</SequenceNo>
      <trp_route_public> 105</trp_route_public>
      <TimingPoint>
        <PositionInPattern>0</PositionInPattern>
        <PassingTime>2000-01-01T11:28:00.000</PassingTime>
        <NoteCode></NoteCode>
      </TimingPoint>
      <TimingPoint>
        <PositionInPattern>1</PositionInPattern>
        <PassingTime>2000-01-01T11:32:00.000</PassingTime>
        <NoteCode></NoteCode>
      </TimingPoint>
      <TimingPoint>
        <PositionInPattern>2</PositionInPattern>
        <PassingTime>2000-01-01T11:39:00.000</PassingTime>
        <NoteCode></NoteCode>
      </TimingPoint>
      <TimingPoint>
        <PositionInPattern>3</PositionInPattern>
        <PassingTime>2000-01-01T11:52:00.000</PassingTime>
        <NoteCode></NoteCode>
      </TimingPoint>
      <TimingPoint>
        <PositionInPattern>4</PositionInPattern>
        <PassingTime>2000-01-01T12:00:00.000</PassingTime>
        <NoteCode></NoteCode>
      </TimingPoint>
      <TimingPoint>
        <PositionInPattern>5</PositionInPattern>
        <PassingTime>2000-01-01T12:06:00.000</PassingTime>
        <NoteCode></NoteCode>
      </TimingPoint>
    </Trip>
    <Trip>
      <RouteIdentifier> 105</RouteIdentifier>
      <NoteCode></NoteCode>
      <SequenceNo>17</SequenceNo>
      <trp_route_public> 105</trp_route_public>
      <TimingPoint>
        <PositionInPattern>0</PositionInPattern>
        <PassingTime>2000-01-01T11:58:00.000</PassingTime>
        <NoteCode></NoteCode>
      </TimingPoint>
      <TimingPoint>
        <PositionInPattern>1</PositionInPattern>
        <PassingTime>2000-01-01T12:02:00.000</PassingTime>
        <NoteCode></NoteCode>
      </TimingPoint>
      <TimingPoint>
        <PositionInPattern>2</PositionInPattern>
        <PassingTime>2000-01-01T12:09:00.000</PassingTime>
        <NoteCode></NoteCode>
      </TimingPoint>
      <TimingPoint>
        <PositionInPattern>3</PositionInPattern>
        <PassingTime>2000-01-01T12:22:00.000</PassingTime>
        <NoteCode></NoteCode>
      </TimingPoint>
      <TimingPoint>
        <PositionInPattern>4</PositionInPattern>
        <PassingTime>2000-01-01T12:30:00.000</PassingTime>
        <NoteCode></NoteCode>
      </TimingPoint>
      <TimingPoint>
        <PositionInPattern>5</PositionInPattern>
        <PassingTime>2000-01-01T12:36:00.000</PassingTime>
        <NoteCode></NoteCode>
      </TimingPoint>
    </Trip>
    <Trip>
      <RouteIdentifier> 105</RouteIdentifier>
      <NoteCode></NoteCode>
      <SequenceNo>18</SequenceNo>
      <trp_route_public> 105</trp_route_public>
      <TimingPoint>
        <PositionInPattern>0</PositionInPattern>
        <PassingTime>2000-01-01T12:28:00.000</PassingTime>
        <NoteCode></NoteCode>
      </TimingPoint>
      <TimingPoint>
        <PositionInPattern>1</PositionInPattern>
        <PassingTime>2000-01-01T12:32:00.000</PassingTime>
        <NoteCode></NoteCode>
      </TimingPoint>
      <TimingPoint>
        <PositionInPattern>2</PositionInPattern>
        <PassingTime>2000-01-01T12:39:00.000</PassingTime>
        <NoteCode></NoteCode>
      </TimingPoint>
      <TimingPoint>
        <PositionInPattern>3</PositionInPattern>
        <PassingTime>2000-01-01T12:52:00.000</PassingTime>
        <NoteCode></NoteCode>
      </TimingPoint>
      <TimingPoint>
        <PositionInPattern>4</PositionInPattern>
        <PassingTime>2000-01-01T13:00:00.000</PassingTime>
        <NoteCode></NoteCode>
      </TimingPoint>
      <TimingPoint>
        <PositionInPattern>5</PositionInPattern>
        <PassingTime>2000-01-01T13:06:00.000</PassingTime>
        <NoteCode></NoteCode>
      </TimingPoint>
    </Trip>
    <Trip>
      <RouteIdentifier> 105</RouteIdentifier>
      <NoteCode></NoteCode>
      <SequenceNo>19</SequenceNo>
      <trp_route_public> 105</trp_route_public>
      <TimingPoint>
        <PositionInPattern>0</PositionInPattern>
        <PassingTime>2000-01-01T12:58:00.000</PassingTime>
        <NoteCode></NoteCode>
      </TimingPoint>
      <TimingPoint>
        <PositionInPattern>1</PositionInPattern>
        <PassingTime>2000-01-01T13:02:00.000</PassingTime>
        <NoteCode></NoteCode>
      </TimingPoint>
      <TimingPoint>
        <PositionInPattern>2</PositionInPattern>
        <PassingTime>2000-01-01T13:09:00.000</PassingTime>
        <NoteCode></NoteCode>
      </TimingPoint>
      <TimingPoint>
        <PositionInPattern>3</PositionInPattern>
        <PassingTime>2000-01-01T13:22:00.000</PassingTime>
        <NoteCode></NoteCode>
      </TimingPoint>
      <TimingPoint>
        <PositionInPattern>4</PositionInPattern>
        <PassingTime>2000-01-01T13:30:00.000</PassingTime>
        <NoteCode></NoteCode>
      </TimingPoint>
      <TimingPoint>
        <PositionInPattern>5</PositionInPattern>
        <PassingTime>2000-01-01T13:36:00.000</PassingTime>
        <NoteCode></NoteCode>
      </TimingPoint>
    </Trip>
    <Trip>
      <RouteIdentifier> 105</RouteIdentifier>
      <NoteCode></NoteCode>
      <SequenceNo>20</SequenceNo>
      <trp_route_public> 105</trp_route_public>
      <TimingPoint>
        <PositionInPattern>0</PositionInPattern>
        <PassingTime>2000-01-01T13:28:00.000</PassingTime>
        <NoteCode></NoteCode>
      </TimingPoint>
      <TimingPoint>
        <PositionInPattern>1</PositionInPattern>
        <PassingTime>2000-01-01T13:32:00.000</PassingTime>
        <NoteCode></NoteCode>
      </TimingPoint>
      <TimingPoint>
        <PositionInPattern>2</PositionInPattern>
        <PassingTime>2000-01-01T13:39:00.000</PassingTime>
        <NoteCode></NoteCode>
      </TimingPoint>
      <TimingPoint>
        <PositionInPattern>3</PositionInPattern>
        <PassingTime>2000-01-01T13:52:00.000</PassingTime>
        <NoteCode></NoteCode>
      </TimingPoint>
      <TimingPoint>
        <PositionInPattern>4</PositionInPattern>
        <PassingTime>2000-01-01T14:00:00.000</PassingTime>
        <NoteCode></NoteCode>
      </TimingPoint>
      <TimingPoint>
        <PositionInPattern>5</PositionInPattern>
        <PassingTime>2000-01-01T14:06:00.000</PassingTime>
        <NoteCode></NoteCode>
      </TimingPoint>
    </Trip>
    <Trip>
      <RouteIdentifier> 105</RouteIdentifier>
      <NoteCode></NoteCode>
      <SequenceNo>21</SequenceNo>
      <trp_route_public> 105</trp_route_public>
      <TimingPoint>
        <PositionInPattern>0</PositionInPattern>
        <PassingTime>2000-01-01T13:58:00.000</PassingTime>
        <NoteCode></NoteCode>
      </TimingPoint>
      <TimingPoint>
        <PositionInPattern>1</PositionInPattern>
        <PassingTime>2000-01-01T14:02:00.000</PassingTime>
        <NoteCode></NoteCode>
      </TimingPoint>
      <TimingPoint>
        <PositionInPattern>2</PositionInPattern>
        <PassingTime>2000-01-01T14:09:00.000</PassingTime>
        <NoteCode></NoteCode>
      </TimingPoint>
      <TimingPoint>
        <PositionInPattern>3</PositionInPattern>
        <PassingTime>2000-01-01T14:22:00.000</PassingTime>
        <NoteCode></NoteCode>
      </TimingPoint>
      <TimingPoint>
        <PositionInPattern>4</PositionInPattern>
        <PassingTime>2000-01-01T14:30:00.000</PassingTime>
        <NoteCode></NoteCode>
      </TimingPoint>
      <TimingPoint>
        <PositionInPattern>5</PositionInPattern>
        <PassingTime>2000-01-01T14:36:00.000</PassingTime>
        <NoteCode></NoteCode>
      </TimingPoint>
    </Trip>
    <Trip>
      <RouteIdentifier> 105</RouteIdentifier>
      <NoteCode></NoteCode>
      <SequenceNo>22</SequenceNo>
      <trp_route_public> 105</trp_route_public>
      <TimingPoint>
        <PositionInPattern>0</PositionInPattern>
        <PassingTime>2000-01-01T14:28:00.000</PassingTime>
        <NoteCode></NoteCode>
      </TimingPoint>
      <TimingPoint>
        <PositionInPattern>1</PositionInPattern>
        <PassingTime>2000-01-01T14:32:00.000</PassingTime>
        <NoteCode></NoteCode>
      </TimingPoint>
      <TimingPoint>
        <PositionInPattern>2</PositionInPattern>
        <PassingTime>2000-01-01T14:39:00.000</PassingTime>
        <NoteCode></NoteCode>
      </TimingPoint>
      <TimingPoint>
        <PositionInPattern>3</PositionInPattern>
        <PassingTime>2000-01-01T14:52:00.000</PassingTime>
        <NoteCode></NoteCode>
      </TimingPoint>
      <TimingPoint>
        <PositionInPattern>4</PositionInPattern>
        <PassingTime>2000-01-01T15:00:00.000</PassingTime>
        <NoteCode></NoteCode>
      </TimingPoint>
      <TimingPoint>
        <PositionInPattern>5</PositionInPattern>
        <PassingTime>2000-01-01T15:07:00.000</PassingTime>
        <NoteCode></NoteCode>
      </TimingPoint>
    </Trip>
    <Trip>
      <RouteIdentifier> 105</RouteIdentifier>
      <NoteCode></NoteCode>
      <SequenceNo>23</SequenceNo>
      <trp_route_public> 105</trp_route_public>
      <TimingPoint>
        <PositionInPattern>0</PositionInPattern>
        <PassingTime>2000-01-01T14:58:00.000</PassingTime>
        <NoteCode></NoteCode>
      </TimingPoint>
      <TimingPoint>
        <PositionInPattern>1</PositionInPattern>
        <PassingTime>2000-01-01T15:03:00.000</PassingTime>
        <NoteCode></NoteCode>
      </TimingPoint>
      <TimingPoint>
        <PositionInPattern>2</PositionInPattern>
        <PassingTime>2000-01-01T15:10:00.000</PassingTime>
        <NoteCode></NoteCode>
      </TimingPoint>
      <TimingPoint>
        <PositionInPattern>3</PositionInPattern>
        <PassingTime>2000-01-01T15:24:00.000</PassingTime>
        <NoteCode></NoteCode>
      </TimingPoint>
      <TimingPoint>
        <PositionInPattern>4</PositionInPattern>
        <PassingTime>2000-01-01T15:33:00.000</PassingTime>
        <NoteCode></NoteCode>
      </TimingPoint>
      <TimingPoint>
        <PositionInPattern>5</PositionInPattern>
        <PassingTime>2000-01-01T15:40:00.000</PassingTime>
        <NoteCode></NoteCode>
      </TimingPoint>
    </Trip>
    <Trip>
      <RouteIdentifier> 105</RouteIdentifier>
      <NoteCode></NoteCode>
      <SequenceNo>24</SequenceNo>
      <trp_route_public> 105</trp_route_public>
      <TimingPoint>
        <PositionInPattern>0</PositionInPattern>
        <PassingTime>2000-01-01T15:18:00.000</PassingTime>
        <NoteCode></NoteCode>
      </TimingPoint>
      <TimingPoint>
        <PositionInPattern>1</PositionInPattern>
        <PassingTime>2000-01-01T15:23:00.000</PassingTime>
        <NoteCode></NoteCode>
      </TimingPoint>
      <TimingPoint>
        <PositionInPattern>2</PositionInPattern>
        <PassingTime>2000-01-01T15:30:00.000</PassingTime>
        <NoteCode></NoteCode>
      </TimingPoint>
      <TimingPoint>
        <PositionInPattern>3</PositionInPattern>
        <PassingTime>2000-01-01T15:44:00.000</PassingTime>
        <NoteCode></NoteCode>
      </TimingPoint>
      <TimingPoint>
        <PositionInPattern>4</PositionInPattern>
        <PassingTime>2000-01-01T15:53:00.000</PassingTime>
        <NoteCode></NoteCode>
      </TimingPoint>
      <TimingPoint>
        <PositionInPattern>5</PositionInPattern>
        <PassingTime>2000-01-01T16:00:00.000</PassingTime>
        <NoteCode></NoteCode>
      </TimingPoint>
    </Trip>
    <Trip>
      <RouteIdentifier> 105</RouteIdentifier>
      <NoteCode></NoteCode>
      <SequenceNo>25</SequenceNo>
      <trp_route_public> 105</trp_route_public>
      <TimingPoint>
        <PositionInPattern>0</PositionInPattern>
        <PassingTime>2000-01-01T15:38:00.000</PassingTime>
        <NoteCode></NoteCode>
      </TimingPoint>
      <TimingPoint>
        <PositionInPattern>1</PositionInPattern>
        <PassingTime>2000-01-01T15:43:00.000</PassingTime>
        <NoteCode></NoteCode>
      </TimingPoint>
      <TimingPoint>
        <PositionInPattern>2</PositionInPattern>
        <PassingTime>2000-01-01T15:50:00.000</PassingTime>
        <NoteCode></NoteCode>
      </TimingPoint>
      <TimingPoint>
        <PositionInPattern>3</PositionInPattern>
        <PassingTime>2000-01-01T16:04:00.000</PassingTime>
        <NoteCode></NoteCode>
      </TimingPoint>
      <TimingPoint>
        <PositionInPattern>4</PositionInPattern>
        <PassingTime>2000-01-01T16:13:00.000</PassingTime>
        <NoteCode></NoteCode>
      </TimingPoint>
      <TimingPoint>
        <PositionInPattern>5</PositionInPattern>
        <PassingTime>2000-01-01T16:20:00.000</PassingTime>
        <NoteCode></NoteCode>
      </TimingPoint>
    </Trip>
    <Trip>
      <RouteIdentifier> 105</RouteIdentifier>
      <NoteCode></NoteCode>
      <SequenceNo>26</SequenceNo>
      <trp_route_public> 105</trp_route_public>
      <TimingPoint>
        <PositionInPattern>0</PositionInPattern>
        <PassingTime>2000-01-01T15:58:00.000</PassingTime>
        <NoteCode></NoteCode>
      </TimingPoint>
      <TimingPoint>
        <PositionInPattern>1</PositionInPattern>
        <PassingTime>2000-01-01T16:03:00.000</PassingTime>
        <NoteCode></NoteCode>
      </TimingPoint>
      <TimingPoint>
        <PositionInPattern>2</PositionInPattern>
        <PassingTime>2000-01-01T16:10:00.000</PassingTime>
        <NoteCode></NoteCode>
      </TimingPoint>
      <TimingPoint>
        <PositionInPattern>3</PositionInPattern>
        <PassingTime>2000-01-01T16:24:00.000</PassingTime>
        <NoteCode></NoteCode>
      </TimingPoint>
      <TimingPoint>
        <PositionInPattern>4</PositionInPattern>
        <PassingTime>2000-01-01T16:33:00.000</PassingTime>
        <NoteCode></NoteCode>
      </TimingPoint>
      <TimingPoint>
        <PositionInPattern>5</PositionInPattern>
        <PassingTime>2000-01-01T16:40:00.000</PassingTime>
        <NoteCode></NoteCode>
      </TimingPoint>
    </Trip>
    <Trip>
      <RouteIdentifier> 105</RouteIdentifier>
      <NoteCode></NoteCode>
      <SequenceNo>27</SequenceNo>
      <trp_route_public> 105</trp_route_public>
      <TimingPoint>
        <PositionInPattern>0</PositionInPattern>
        <PassingTime>2000-01-01T16:18:00.000</PassingTime>
        <NoteCode></NoteCode>
      </TimingPoint>
      <TimingPoint>
        <PositionInPattern>1</PositionInPattern>
        <PassingTime>2000-01-01T16:23:00.000</PassingTime>
        <NoteCode></NoteCode>
      </TimingPoint>
      <TimingPoint>
        <PositionInPattern>2</PositionInPattern>
        <PassingTime>2000-01-01T16:30:00.000</PassingTime>
        <NoteCode></NoteCode>
      </TimingPoint>
      <TimingPoint>
        <PositionInPattern>3</PositionInPattern>
        <PassingTime>2000-01-01T16:44:00.000</PassingTime>
        <NoteCode></NoteCode>
      </TimingPoint>
      <TimingPoint>
        <PositionInPattern>4</PositionInPattern>
        <PassingTime>2000-01-01T16:53:00.000</PassingTime>
        <NoteCode></NoteCode>
      </TimingPoint>
      <TimingPoint>
        <PositionInPattern>5</PositionInPattern>
        <PassingTime>2000-01-01T17:00:00.000</PassingTime>
        <NoteCode></NoteCode>
      </TimingPoint>
    </Trip>
    <Trip>
      <RouteIdentifier> 105</RouteIdentifier>
      <NoteCode></NoteCode>
      <SequenceNo>28</SequenceNo>
      <trp_route_public> 105</trp_route_public>
      <TimingPoint>
        <PositionInPattern>0</PositionInPattern>
        <PassingTime>2000-01-01T16:38:00.000</PassingTime>
        <NoteCode></NoteCode>
      </TimingPoint>
      <TimingPoint>
        <PositionInPattern>1</PositionInPattern>
        <PassingTime>2000-01-01T16:43:00.000</PassingTime>
        <NoteCode></NoteCode>
      </TimingPoint>
      <TimingPoint>
        <PositionInPattern>2</PositionInPattern>
        <PassingTime>2000-01-01T16:50:00.000</PassingTime>
        <NoteCode></NoteCode>
      </TimingPoint>
      <TimingPoint>
        <PositionInPattern>3</PositionInPattern>
        <PassingTime>2000-01-01T17:04:00.000</PassingTime>
        <NoteCode></NoteCode>
      </TimingPoint>
      <TimingPoint>
        <PositionInPattern>4</PositionInPattern>
        <PassingTime>2000-01-01T17:13:00.000</PassingTime>
        <NoteCode></NoteCode>
      </TimingPoint>
      <TimingPoint>
        <PositionInPattern>5</PositionInPattern>
        <PassingTime>2000-01-01T17:20:00.000</PassingTime>
        <NoteCode></NoteCode>
      </TimingPoint>
    </Trip>
    <Trip>
      <RouteIdentifier> 105</RouteIdentifier>
      <NoteCode></NoteCode>
      <SequenceNo>29</SequenceNo>
      <trp_route_public> 105</trp_route_public>
      <TimingPoint>
        <PositionInPattern>0</PositionInPattern>
        <PassingTime>2000-01-01T16:58:00.000</PassingTime>
        <NoteCode></NoteCode>
      </TimingPoint>
      <TimingPoint>
        <PositionInPattern>1</PositionInPattern>
        <PassingTime>2000-01-01T17:04:00.000</PassingTime>
        <NoteCode></NoteCode>
      </TimingPoint>
      <TimingPoint>
        <PositionInPattern>2</PositionInPattern>
        <PassingTime>2000-01-01T17:12:00.000</PassingTime>
        <NoteCode></NoteCode>
      </TimingPoint>
      <TimingPoint>
        <PositionInPattern>3</PositionInPattern>
        <PassingTime>2000-01-01T17:26:00.000</PassingTime>
        <NoteCode></NoteCode>
      </TimingPoint>
      <TimingPoint>
        <PositionInPattern>4</PositionInPattern>
        <PassingTime>2000-01-01T17:35:00.000</PassingTime>
        <NoteCode></NoteCode>
      </TimingPoint>
      <TimingPoint>
        <PositionInPattern>5</PositionInPattern>
        <PassingTime>2000-01-01T17:42:00.000</PassingTime>
        <NoteCode></NoteCode>
      </TimingPoint>
    </Trip>
    <Trip>
      <RouteIdentifier> 105</RouteIdentifier>
      <NoteCode></NoteCode>
      <SequenceNo>30</SequenceNo>
      <trp_route_public> 105</trp_route_public>
      <TimingPoint>
        <PositionInPattern>0</PositionInPattern>
        <PassingTime>2000-01-01T17:18:00.000</PassingTime>
        <NoteCode></NoteCode>
      </TimingPoint>
      <TimingPoint>
        <PositionInPattern>1</PositionInPattern>
        <PassingTime>2000-01-01T17:24:00.000</PassingTime>
        <NoteCode></NoteCode>
      </TimingPoint>
      <TimingPoint>
        <PositionInPattern>2</PositionInPattern>
        <PassingTime>2000-01-01T17:32:00.000</PassingTime>
        <NoteCode></NoteCode>
      </TimingPoint>
      <TimingPoint>
        <PositionInPattern>3</PositionInPattern>
        <PassingTime>2000-01-01T17:46:00.000</PassingTime>
        <NoteCode></NoteCode>
      </TimingPoint>
      <TimingPoint>
        <PositionInPattern>4</PositionInPattern>
        <PassingTime>2000-01-01T17:55:00.000</PassingTime>
        <NoteCode></NoteCode>
      </TimingPoint>
      <TimingPoint>
        <PositionInPattern>5</PositionInPattern>
        <PassingTime>2000-01-01T18:02:00.000</PassingTime>
        <NoteCode></NoteCode>
      </TimingPoint>
    </Trip>
    <Trip>
      <RouteIdentifier> 105</RouteIdentifier>
      <NoteCode></NoteCode>
      <SequenceNo>31</SequenceNo>
      <trp_route_public> 105</trp_route_public>
      <TimingPoint>
        <PositionInPattern>0</PositionInPattern>
        <PassingTime>2000-01-01T17:38:00.000</PassingTime>
        <NoteCode></NoteCode>
      </TimingPoint>
      <TimingPoint>
        <PositionInPattern>1</PositionInPattern>
        <PassingTime>2000-01-01T17:44:00.000</PassingTime>
        <NoteCode></NoteCode>
      </TimingPoint>
      <TimingPoint>
        <PositionInPattern>2</PositionInPattern>
        <PassingTime>2000-01-01T17:52:00.000</PassingTime>
        <NoteCode></NoteCode>
      </TimingPoint>
      <TimingPoint>
        <PositionInPattern>3</PositionInPattern>
        <PassingTime>2000-01-01T18:06:00.000</PassingTime>
        <NoteCode></NoteCode>
      </TimingPoint>
      <TimingPoint>
        <PositionInPattern>4</PositionInPattern>
        <PassingTime>2000-01-01T18:15:00.000</PassingTime>
        <NoteCode></NoteCode>
      </TimingPoint>
      <TimingPoint>
        <PositionInPattern>5</PositionInPattern>
        <PassingTime>2000-01-01T18:21:00.000</PassingTime>
        <NoteCode></NoteCode>
      </TimingPoint>
    </Trip>
    <Trip>
      <RouteIdentifier> 105</RouteIdentifier>
      <NoteCode></NoteCode>
      <SequenceNo>32</SequenceNo>
      <trp_route_public> 105</trp_route_public>
      <TimingPoint>
        <PositionInPattern>0</PositionInPattern>
        <PassingTime>2000-01-01T17:58:00.000</PassingTime>
        <NoteCode></NoteCode>
      </TimingPoint>
      <TimingPoint>
        <PositionInPattern>1</PositionInPattern>
        <PassingTime>2000-01-01T18:03:00.000</PassingTime>
        <NoteCode></NoteCode>
      </TimingPoint>
      <TimingPoint>
        <PositionInPattern>2</PositionInPattern>
        <PassingTime>2000-01-01T18:10:00.000</PassingTime>
        <NoteCode></NoteCode>
      </TimingPoint>
      <TimingPoint>
        <PositionInPattern>3</PositionInPattern>
        <PassingTime>2000-01-01T18:23:00.000</PassingTime>
        <NoteCode></NoteCode>
      </TimingPoint>
      <TimingPoint>
        <PositionInPattern>4</PositionInPattern>
        <PassingTime>2000-01-01T18:32:00.000</PassingTime>
        <NoteCode></NoteCode>
      </TimingPoint>
      <TimingPoint>
        <PositionInPattern>5</PositionInPattern>
        <PassingTime>2000-01-01T18:38:00.000</PassingTime>
        <NoteCode></NoteCode>
      </TimingPoint>
    </Trip>
    <Trip>
      <RouteIdentifier> 105</RouteIdentifier>
      <NoteCode></NoteCode>
      <SequenceNo>33</SequenceNo>
      <trp_route_public> 105</trp_route_public>
      <TimingPoint>
        <PositionInPattern>0</PositionInPattern>
        <PassingTime>2000-01-01T18:28:00.000</PassingTime>
        <NoteCode></NoteCode>
      </TimingPoint>
      <TimingPoint>
        <PositionInPattern>1</PositionInPattern>
        <PassingTime>2000-01-01T18:33:00.000</PassingTime>
        <NoteCode></NoteCode>
      </TimingPoint>
      <TimingPoint>
        <PositionInPattern>2</PositionInPattern>
        <PassingTime>2000-01-01T18:40:00.000</PassingTime>
        <NoteCode></NoteCode>
      </TimingPoint>
      <TimingPoint>
        <PositionInPattern>3</PositionInPattern>
        <PassingTime>2000-01-01T18:53:00.000</PassingTime>
        <NoteCode></NoteCode>
      </TimingPoint>
      <TimingPoint>
        <PositionInPattern>4</PositionInPattern>
        <PassingTime>2000-01-01T19:02:00.000</PassingTime>
        <NoteCode></NoteCode>
      </TimingPoint>
      <TimingPoint>
        <PositionInPattern>5</PositionInPattern>
        <PassingTime>2000-01-01T19:08:00.000</PassingTime>
        <NoteCode></NoteCode>
      </TimingPoint>
    </Trip>
    <Trip>
      <RouteIdentifier> 105</RouteIdentifier>
      <NoteCode></NoteCode>
      <SequenceNo>34</SequenceNo>
      <trp_route_public> 105</trp_route_public>
      <TimingPoint>
        <PositionInPattern>0</PositionInPattern>
        <PassingTime>2000-01-01T18:58:00.000</PassingTime>
        <NoteCode></NoteCode>
      </TimingPoint>
      <TimingPoint>
        <PositionInPattern>1</PositionInPattern>
        <PassingTime>2000-01-01T19:02:00.000</PassingTime>
        <NoteCode></NoteCode>
      </TimingPoint>
      <TimingPoint>
        <PositionInPattern>2</PositionInPattern>
        <PassingTime>2000-01-01T19:08:00.000</PassingTime>
        <NoteCode></NoteCode>
      </TimingPoint>
      <TimingPoint>
        <PositionInPattern>3</PositionInPattern>
        <PassingTime>2000-01-01T19:20:00.000</PassingTime>
        <NoteCode></NoteCode>
      </TimingPoint>
      <TimingPoint>
        <PositionInPattern>4</PositionInPattern>
        <PassingTime>2000-01-01T19:28:00.000</PassingTime>
        <NoteCode></NoteCode>
      </TimingPoint>
      <TimingPoint>
        <PositionInPattern>5</PositionInPattern>
        <PassingTime>2000-01-01T19:34:00.000</PassingTime>
        <NoteCode></NoteCode>
      </TimingPoint>
    </Trip>
    <Trip>
      <RouteIdentifier> 105</RouteIdentifier>
      <NoteCode></NoteCode>
      <SequenceNo>35</SequenceNo>
      <trp_route_public> 105</trp_route_public>
      <TimingPoint>
        <PositionInPattern>0</PositionInPattern>
        <PassingTime>2000-01-01T19:28:00.000</PassingTime>
        <NoteCode></NoteCode>
      </TimingPoint>
      <TimingPoint>
        <PositionInPattern>1</PositionInPattern>
        <PassingTime>2000-01-01T19:32:00.000</PassingTime>
        <NoteCode></NoteCode>
      </TimingPoint>
      <TimingPoint>
        <PositionInPattern>2</PositionInPattern>
        <PassingTime>2000-01-01T19:38:00.000</PassingTime>
        <NoteCode></NoteCode>
      </TimingPoint>
      <TimingPoint>
        <PositionInPattern>3</PositionInPattern>
        <PassingTime>2000-01-01T19:50:00.000</PassingTime>
        <NoteCode></NoteCode>
      </TimingPoint>
      <TimingPoint>
        <PositionInPattern>4</PositionInPattern>
        <PassingTime>2000-01-01T19:58:00.000</PassingTime>
        <NoteCode></NoteCode>
      </TimingPoint>
      <TimingPoint>
        <PositionInPattern>5</PositionInPattern>
        <PassingTime>2000-01-01T20:04:00.000</PassingTime>
        <NoteCode></NoteCode>
      </TimingPoint>
    </Trip>
    <Trip>
      <RouteIdentifier> 105</RouteIdentifier>
      <NoteCode></NoteCode>
      <SequenceNo>36</SequenceNo>
      <trp_route_public> 105</trp_route_public>
      <TimingPoint>
        <PositionInPattern>0</PositionInPattern>
        <PassingTime>2000-01-01T19:58:00.000</PassingTime>
        <NoteCode></NoteCode>
      </TimingPoint>
      <TimingPoint>
        <PositionInPattern>1</PositionInPattern>
        <PassingTime>2000-01-01T20:02:00.000</PassingTime>
        <NoteCode></NoteCode>
      </TimingPoint>
      <TimingPoint>
        <PositionInPattern>2</PositionInPattern>
        <PassingTime>2000-01-01T20:08:00.000</PassingTime>
        <NoteCode></NoteCode>
      </TimingPoint>
      <TimingPoint>
        <PositionInPattern>3</PositionInPattern>
        <PassingTime>2000-01-01T20:20:00.000</PassingTime>
        <NoteCode></NoteCode>
      </TimingPoint>
      <TimingPoint>
        <PositionInPattern>4</PositionInPattern>
        <PassingTime>2000-01-01T20:28:00.000</PassingTime>
        <NoteCode></NoteCode>
      </TimingPoint>
      <TimingPoint>
        <PositionInPattern>5</PositionInPattern>
        <PassingTime>2000-01-01T20:34:00.000</PassingTime>
        <NoteCode></NoteCode>
      </TimingPoint>
    </Trip>
    <Trip>
      <RouteIdentifier> 105</RouteIdentifier>
      <NoteCode></NoteCode>
      <SequenceNo>37</SequenceNo>
      <trp_route_public> 105</trp_route_public>
      <TimingPoint>
        <PositionInPattern>0</PositionInPattern>
        <PassingTime>2000-01-01T20:58:00.000</PassingTime>
        <NoteCode></NoteCode>
      </TimingPoint>
      <TimingPoint>
        <PositionInPattern>1</PositionInPattern>
        <PassingTime>2000-01-01T21:02:00.000</PassingTime>
        <NoteCode></NoteCode>
      </TimingPoint>
      <TimingPoint>
        <PositionInPattern>2</PositionInPattern>
        <PassingTime>2000-01-01T21:08:00.000</PassingTime>
        <NoteCode></NoteCode>
      </TimingPoint>
      <TimingPoint>
        <PositionInPattern>3</PositionInPattern>
        <PassingTime>2000-01-01T21:20:00.000</PassingTime>
        <NoteCode></NoteCode>
      </TimingPoint>
      <TimingPoint>
        <PositionInPattern>4</PositionInPattern>
        <PassingTime>2000-01-01T21:28:00.000</PassingTime>
        <NoteCode></NoteCode>
      </TimingPoint>
      <TimingPoint>
        <PositionInPattern>5</PositionInPattern>
        <PassingTime>2000-01-01T21:34:00.000</PassingTime>
        <NoteCode></NoteCode>
      </TimingPoint>
    </Trip>
    <PttPlaceInfoPlace>
      <PlaceIdentifier>marpr</PlaceIdentifier>
      <PositionInPattern>0</PositionInPattern>
    </PttPlaceInfoPlace>
    <PttPlaceInfoPlace>
      <PlaceIdentifier>mcppr</PlaceIdentifier>
      <PositionInPattern>1</PositionInPattern>
    </PttPlaceInfoPlace>
    <PttPlaceInfoPlace>
      <PlaceIdentifier>mctc</PlaceIdentifier>
      <PositionInPattern>2</PositionInPattern>
    </PttPlaceInfoPlace>
    <PttPlaceInfoPlace>
      <PlaceIdentifier>cpkpr</PlaceIdentifier>
      <PositionInPattern>3</PositionInPattern>
    </PttPlaceInfoPlace>
    <PttPlaceInfoPlace>
      <PlaceIdentifier>185z7</PlaceIdentifier>
      <PositionInPattern>4</PositionInPattern>
    </PttPlaceInfoPlace>
    <PttPlaceInfoPlace>
      <PlaceIdentifier>uw2</PlaceIdentifier>
      <PositionInPattern>5</PositionInPattern>
    </PttPlaceInfoPlace>
  </PttPlaceInfo>
  <PttPlaceInfo>
    <Identifier>105n</Identifier>
    <Description>105 nb</Description>
    <ScheduleType>Weekday</ScheduleType>
    <DirectionName>Mariner Park &amp; Ride</DirectionName>
    <Trip>
      <RouteIdentifier> 105</RouteIdentifier>
      <NoteCode></NoteCode>
      <SequenceNo>0</SequenceNo>
      <trp_route_public> 105</trp_route_public>
      <TimingPoint>
        <PositionInPattern>0</PositionInPattern>
        <PassingTime>2000-01-01T05:50:00.000</PassingTime>
        <NoteCode></NoteCode>
      </TimingPoint>
      <TimingPoint>
        <PositionInPattern>1</PositionInPattern>
        <PassingTime>2000-01-01T05:55:00.000</PassingTime>
        <NoteCode></NoteCode>
      </TimingPoint>
      <TimingPoint>
        <PositionInPattern>2</PositionInPattern>
        <PassingTime>2000-01-01T06:03:00.000</PassingTime>
        <NoteCode></NoteCode>
      </TimingPoint>
      <TimingPoint>
        <PositionInPattern>3</PositionInPattern>
        <PassingTime>2000-01-01T06:14:00.000</PassingTime>
        <NoteCode></NoteCode>
      </TimingPoint>
      <TimingPoint>
        <PositionInPattern>4</PositionInPattern>
        <PassingTime>2000-01-01T06:20:00.000</PassingTime>
        <NoteCode></NoteCode>
      </TimingPoint>
      <TimingPoint>
        <PositionInPattern>5</PositionInPattern>
        <PassingTime>2000-01-01T06:28:00.000</PassingTime>
        <NoteCode></NoteCode>
      </TimingPoint>
    </Trip>
    <Trip>
      <RouteIdentifier> 105</RouteIdentifier>
      <NoteCode></NoteCode>
      <SequenceNo>1</SequenceNo>
      <trp_route_public> 105</trp_route_public>
      <TimingPoint>
        <PositionInPattern>0</PositionInPattern>
        <PassingTime>2000-01-01T06:10:00.000</PassingTime>
        <NoteCode></NoteCode>
      </TimingPoint>
      <TimingPoint>
        <PositionInPattern>1</PositionInPattern>
        <PassingTime>2000-01-01T06:15:00.000</PassingTime>
        <NoteCode></NoteCode>
      </TimingPoint>
      <TimingPoint>
        <PositionInPattern>2</PositionInPattern>
        <PassingTime>2000-01-01T06:23:00.000</PassingTime>
        <NoteCode></NoteCode>
      </TimingPoint>
      <TimingPoint>
        <PositionInPattern>3</PositionInPattern>
        <PassingTime>2000-01-01T06:34:00.000</PassingTime>
        <NoteCode></NoteCode>
      </TimingPoint>
      <TimingPoint>
        <PositionInPattern>4</PositionInPattern>
        <PassingTime>2000-01-01T06:40:00.000</PassingTime>
        <NoteCode></NoteCode>
      </TimingPoint>
      <TimingPoint>
        <PositionInPattern>5</PositionInPattern>
        <PassingTime>2000-01-01T06:48:00.000</PassingTime>
        <NoteCode></NoteCode>
      </TimingPoint>
    </Trip>
    <Trip>
      <RouteIdentifier> 105</RouteIdentifier>
      <NoteCode></NoteCode>
      <SequenceNo>2</SequenceNo>
      <trp_route_public> 105</trp_route_public>
      <TimingPoint>
        <PositionInPattern>0</PositionInPattern>
        <PassingTime>2000-01-01T06:30:00.000</PassingTime>
        <NoteCode></NoteCode>
      </TimingPoint>
      <TimingPoint>
        <PositionInPattern>1</PositionInPattern>
        <PassingTime>2000-01-01T06:35:00.000</PassingTime>
        <NoteCode></NoteCode>
      </TimingPoint>
      <TimingPoint>
        <PositionInPattern>2</PositionInPattern>
        <PassingTime>2000-01-01T06:43:00.000</PassingTime>
        <NoteCode></NoteCode>
      </TimingPoint>
      <TimingPoint>
        <PositionInPattern>3</PositionInPattern>
        <PassingTime>2000-01-01T06:54:00.000</PassingTime>
        <NoteCode></NoteCode>
      </TimingPoint>
      <TimingPoint>
        <PositionInPattern>4</PositionInPattern>
        <PassingTime>2000-01-01T07:00:00.000</PassingTime>
        <NoteCode></NoteCode>
      </TimingPoint>
      <TimingPoint>
        <PositionInPattern>5</PositionInPattern>
        <PassingTime>2000-01-01T07:08:00.000</PassingTime>
        <NoteCode></NoteCode>
      </TimingPoint>
    </Trip>
    <Trip>
      <RouteIdentifier> 105</RouteIdentifier>
      <NoteCode></NoteCode>
      <SequenceNo>3</SequenceNo>
      <trp_route_public> 105</trp_route_public>
      <TimingPoint>
        <PositionInPattern>0</PositionInPattern>
        <PassingTime>2000-01-01T06:50:00.000</PassingTime>
        <NoteCode></NoteCode>
      </TimingPoint>
      <TimingPoint>
        <PositionInPattern>1</PositionInPattern>
        <PassingTime>2000-01-01T06:55:00.000</PassingTime>
        <NoteCode></NoteCode>
      </TimingPoint>
      <TimingPoint>
        <PositionInPattern>2</PositionInPattern>
        <PassingTime>2000-01-01T07:03:00.000</PassingTime>
        <NoteCode></NoteCode>
      </TimingPoint>
      <TimingPoint>
        <PositionInPattern>3</PositionInPattern>
        <PassingTime>2000-01-01T07:14:00.000</PassingTime>
        <NoteCode></NoteCode>
      </TimingPoint>
      <TimingPoint>
        <PositionInPattern>4</PositionInPattern>
        <PassingTime>2000-01-01T07:20:00.000</PassingTime>
        <NoteCode></NoteCode>
      </TimingPoint>
      <TimingPoint>
        <PositionInPattern>5</PositionInPattern>
        <PassingTime>2000-01-01T07:28:00.000</PassingTime>
        <NoteCode></NoteCode>
      </TimingPoint>
    </Trip>
    <Trip>
      <RouteIdentifier> 105</RouteIdentifier>
      <NoteCode></NoteCode>
      <SequenceNo>4</SequenceNo>
      <trp_route_public> 105</trp_route_public>
      <TimingPoint>
        <PositionInPattern>0</PositionInPattern>
        <PassingTime>2000-01-01T07:10:00.000</PassingTime>
        <NoteCode></NoteCode>
      </TimingPoint>
      <TimingPoint>
        <PositionInPattern>1</PositionInPattern>
        <PassingTime>2000-01-01T07:15:00.000</PassingTime>
        <NoteCode></NoteCode>
      </TimingPoint>
      <TimingPoint>
        <PositionInPattern>2</PositionInPattern>
        <PassingTime>2000-01-01T07:23:00.000</PassingTime>
        <NoteCode></NoteCode>
      </TimingPoint>
      <TimingPoint>
        <PositionInPattern>3</PositionInPattern>
        <PassingTime>2000-01-01T07:34:00.000</PassingTime>
        <NoteCode></NoteCode>
      </TimingPoint>
      <TimingPoint>
        <PositionInPattern>4</PositionInPattern>
        <PassingTime>2000-01-01T07:40:00.000</PassingTime>
        <NoteCode></NoteCode>
      </TimingPoint>
      <TimingPoint>
        <PositionInPattern>5</PositionInPattern>
        <PassingTime>2000-01-01T07:48:00.000</PassingTime>
        <NoteCode></NoteCode>
      </TimingPoint>
    </Trip>
    <Trip>
      <RouteIdentifier> 105</RouteIdentifier>
      <NoteCode></NoteCode>
      <SequenceNo>5</SequenceNo>
      <trp_route_public> 105</trp_route_public>
      <TimingPoint>
        <PositionInPattern>0</PositionInPattern>
        <PassingTime>2000-01-01T07:30:00.000</PassingTime>
        <NoteCode></NoteCode>
      </TimingPoint>
      <TimingPoint>
        <PositionInPattern>1</PositionInPattern>
        <PassingTime>2000-01-01T07:35:00.000</PassingTime>
        <NoteCode></NoteCode>
      </TimingPoint>
      <TimingPoint>
        <PositionInPattern>2</PositionInPattern>
        <PassingTime>2000-01-01T07:43:00.000</PassingTime>
        <NoteCode></NoteCode>
      </TimingPoint>
      <TimingPoint>
        <PositionInPattern>3</PositionInPattern>
        <PassingTime>2000-01-01T07:54:00.000</PassingTime>
        <NoteCode></NoteCode>
      </TimingPoint>
      <TimingPoint>
        <PositionInPattern>4</PositionInPattern>
        <PassingTime>2000-01-01T08:00:00.000</PassingTime>
        <NoteCode></NoteCode>
      </TimingPoint>
      <TimingPoint>
        <PositionInPattern>5</PositionInPattern>
        <PassingTime>2000-01-01T08:08:00.000</PassingTime>
        <NoteCode></NoteCode>
      </TimingPoint>
    </Trip>
    <Trip>
      <RouteIdentifier> 105</RouteIdentifier>
      <NoteCode></NoteCode>
      <SequenceNo>6</SequenceNo>
      <trp_route_public> 105</trp_route_public>
      <TimingPoint>
        <PositionInPattern>0</PositionInPattern>
        <PassingTime>2000-01-01T07:50:00.000</PassingTime>
        <NoteCode></NoteCode>
      </TimingPoint>
      <TimingPoint>
        <PositionInPattern>1</PositionInPattern>
        <PassingTime>2000-01-01T07:55:00.000</PassingTime>
        <NoteCode></NoteCode>
      </TimingPoint>
      <TimingPoint>
        <PositionInPattern>2</PositionInPattern>
        <PassingTime>2000-01-01T08:03:00.000</PassingTime>
        <NoteCode></NoteCode>
      </TimingPoint>
      <TimingPoint>
        <PositionInPattern>3</PositionInPattern>
        <PassingTime>2000-01-01T08:14:00.000</PassingTime>
        <NoteCode></NoteCode>
      </TimingPoint>
      <TimingPoint>
        <PositionInPattern>4</PositionInPattern>
        <PassingTime>2000-01-01T08:20:00.000</PassingTime>
        <NoteCode></NoteCode>
      </TimingPoint>
      <TimingPoint>
        <PositionInPattern>5</PositionInPattern>
        <PassingTime>2000-01-01T08:28:00.000</PassingTime>
        <NoteCode></NoteCode>
      </TimingPoint>
    </Trip>
    <Trip>
      <RouteIdentifier> 105</RouteIdentifier>
      <NoteCode></NoteCode>
      <SequenceNo>7</SequenceNo>
      <trp_route_public> 105</trp_route_public>
      <TimingPoint>
        <PositionInPattern>0</PositionInPattern>
        <PassingTime>2000-01-01T08:10:00.000</PassingTime>
        <NoteCode></NoteCode>
      </TimingPoint>
      <TimingPoint>
        <PositionInPattern>1</PositionInPattern>
        <PassingTime>2000-01-01T08:15:00.000</PassingTime>
        <NoteCode></NoteCode>
      </TimingPoint>
      <TimingPoint>
        <PositionInPattern>2</PositionInPattern>
        <PassingTime>2000-01-01T08:23:00.000</PassingTime>
        <NoteCode></NoteCode>
      </TimingPoint>
      <TimingPoint>
        <PositionInPattern>3</PositionInPattern>
        <PassingTime>2000-01-01T08:34:00.000</PassingTime>
        <NoteCode></NoteCode>
      </TimingPoint>
      <TimingPoint>
        <PositionInPattern>4</PositionInPattern>
        <PassingTime>2000-01-01T08:40:00.000</PassingTime>
        <NoteCode></NoteCode>
      </TimingPoint>
      <TimingPoint>
        <PositionInPattern>5</PositionInPattern>
        <PassingTime>2000-01-01T08:48:00.000</PassingTime>
        <NoteCode></NoteCode>
      </TimingPoint>
    </Trip>
    <Trip>
      <RouteIdentifier> 105</RouteIdentifier>
      <NoteCode></NoteCode>
      <SequenceNo>8</SequenceNo>
      <trp_route_public> 105</trp_route_public>
      <TimingPoint>
        <PositionInPattern>0</PositionInPattern>
        <PassingTime>2000-01-01T08:30:00.000</PassingTime>
        <NoteCode></NoteCode>
      </TimingPoint>
      <TimingPoint>
        <PositionInPattern>1</PositionInPattern>
        <PassingTime>2000-01-01T08:35:00.000</PassingTime>
        <NoteCode></NoteCode>
      </TimingPoint>
      <TimingPoint>
        <PositionInPattern>2</PositionInPattern>
        <PassingTime>2000-01-01T08:43:00.000</PassingTime>
        <NoteCode></NoteCode>
      </TimingPoint>
      <TimingPoint>
        <PositionInPattern>3</PositionInPattern>
        <PassingTime>2000-01-01T08:54:00.000</PassingTime>
        <NoteCode></NoteCode>
      </TimingPoint>
      <TimingPoint>
        <PositionInPattern>4</PositionInPattern>
        <PassingTime>2000-01-01T09:00:00.000</PassingTime>
        <NoteCode></NoteCode>
      </TimingPoint>
      <TimingPoint>
        <PositionInPattern>5</PositionInPattern>
        <PassingTime>2000-01-01T09:07:00.000</PassingTime>
        <NoteCode></NoteCode>
      </TimingPoint>
    </Trip>
    <Trip>
      <RouteIdentifier> 105</RouteIdentifier>
      <NoteCode></NoteCode>
      <SequenceNo>9</SequenceNo>
      <trp_route_public> 105</trp_route_public>
      <TimingPoint>
        <PositionInPattern>0</PositionInPattern>
        <PassingTime>2000-01-01T08:50:00.000</PassingTime>
        <NoteCode></NoteCode>
      </TimingPoint>
      <TimingPoint>
        <PositionInPattern>1</PositionInPattern>
        <PassingTime>2000-01-01T08:55:00.000</PassingTime>
        <NoteCode></NoteCode>
      </TimingPoint>
      <TimingPoint>
        <PositionInPattern>2</PositionInPattern>
        <PassingTime>2000-01-01T09:03:00.000</PassingTime>
        <NoteCode></NoteCode>
      </TimingPoint>
      <TimingPoint>
        <PositionInPattern>3</PositionInPattern>
        <PassingTime>2000-01-01T09:13:00.000</PassingTime>
        <NoteCode></NoteCode>
      </TimingPoint>
      <TimingPoint>
        <PositionInPattern>4</PositionInPattern>
        <PassingTime>2000-01-01T09:20:00.000</PassingTime>
        <NoteCode></NoteCode>
      </TimingPoint>
      <TimingPoint>
        <PositionInPattern>5</PositionInPattern>
        <PassingTime>2000-01-01T09:27:00.000</PassingTime>
        <NoteCode></NoteCode>
      </TimingPoint>
    </Trip>
    <Trip>
      <RouteIdentifier> 105</RouteIdentifier>
      <NoteCode></NoteCode>
      <SequenceNo>10</SequenceNo>
      <trp_route_public> 105</trp_route_public>
      <TimingPoint>
        <PositionInPattern>0</PositionInPattern>
        <PassingTime>2000-01-01T09:20:00.000</PassingTime>
        <NoteCode></NoteCode>
      </TimingPoint>
      <TimingPoint>
        <PositionInPattern>1</PositionInPattern>
        <PassingTime>2000-01-01T09:25:00.000</PassingTime>
        <NoteCode></NoteCode>
      </TimingPoint>
      <TimingPoint>
        <PositionInPattern>2</PositionInPattern>
        <PassingTime>2000-01-01T09:33:00.000</PassingTime>
        <NoteCode></NoteCode>
      </TimingPoint>
      <TimingPoint>
        <PositionInPattern>3</PositionInPattern>
        <PassingTime>2000-01-01T09:43:00.000</PassingTime>
        <NoteCode></NoteCode>
      </TimingPoint>
      <TimingPoint>
        <PositionInPattern>4</PositionInPattern>
        <PassingTime>2000-01-01T09:50:00.000</PassingTime>
        <NoteCode></NoteCode>
      </TimingPoint>
      <TimingPoint>
        <PositionInPattern>5</PositionInPattern>
        <PassingTime>2000-01-01T09:57:00.000</PassingTime>
        <NoteCode></NoteCode>
      </TimingPoint>
    </Trip>
    <Trip>
      <RouteIdentifier> 105</RouteIdentifier>
      <NoteCode></NoteCode>
      <SequenceNo>11</SequenceNo>
      <trp_route_public> 105</trp_route_public>
      <TimingPoint>
        <PositionInPattern>0</PositionInPattern>
        <PassingTime>2000-01-01T09:50:00.000</PassingTime>
        <NoteCode></NoteCode>
      </TimingPoint>
      <TimingPoint>
        <PositionInPattern>1</PositionInPattern>
        <PassingTime>2000-01-01T09:55:00.000</PassingTime>
        <NoteCode></NoteCode>
      </TimingPoint>
      <TimingPoint>
        <PositionInPattern>2</PositionInPattern>
        <PassingTime>2000-01-01T10:03:00.000</PassingTime>
        <NoteCode></NoteCode>
      </TimingPoint>
      <TimingPoint>
        <PositionInPattern>3</PositionInPattern>
        <PassingTime>2000-01-01T10:13:00.000</PassingTime>
        <NoteCode></NoteCode>
      </TimingPoint>
      <TimingPoint>
        <PositionInPattern>4</PositionInPattern>
        <PassingTime>2000-01-01T10:20:00.000</PassingTime>
        <NoteCode></NoteCode>
      </TimingPoint>
      <TimingPoint>
        <PositionInPattern>5</PositionInPattern>
        <PassingTime>2000-01-01T10:27:00.000</PassingTime>
        <NoteCode></NoteCode>
      </TimingPoint>
    </Trip>
    <Trip>
      <RouteIdentifier> 105</RouteIdentifier>
      <NoteCode></NoteCode>
      <SequenceNo>12</SequenceNo>
      <trp_route_public> 105</trp_route_public>
      <TimingPoint>
        <PositionInPattern>0</PositionInPattern>
        <PassingTime>2000-01-01T10:20:00.000</PassingTime>
        <NoteCode></NoteCode>
      </TimingPoint>
      <TimingPoint>
        <PositionInPattern>1</PositionInPattern>
        <PassingTime>2000-01-01T10:25:00.000</PassingTime>
        <NoteCode></NoteCode>
      </TimingPoint>
      <TimingPoint>
        <PositionInPattern>2</PositionInPattern>
        <PassingTime>2000-01-01T10:33:00.000</PassingTime>
        <NoteCode></NoteCode>
      </TimingPoint>
      <TimingPoint>
        <PositionInPattern>3</PositionInPattern>
        <PassingTime>2000-01-01T10:43:00.000</PassingTime>
        <NoteCode></NoteCode>
      </TimingPoint>
      <TimingPoint>
        <PositionInPattern>4</PositionInPattern>
        <PassingTime>2000-01-01T10:50:00.000</PassingTime>
        <NoteCode></NoteCode>
      </TimingPoint>
      <TimingPoint>
        <PositionInPattern>5</PositionInPattern>
        <PassingTime>2000-01-01T10:57:00.000</PassingTime>
        <NoteCode></NoteCode>
      </TimingPoint>
    </Trip>
    <Trip>
      <RouteIdentifier> 105</RouteIdentifier>
      <NoteCode></NoteCode>
      <SequenceNo>13</SequenceNo>
      <trp_route_public> 105</trp_route_public>
      <TimingPoint>
        <PositionInPattern>0</PositionInPattern>
        <PassingTime>2000-01-01T10:50:00.000</PassingTime>
        <NoteCode></NoteCode>
      </TimingPoint>
      <TimingPoint>
        <PositionInPattern>1</PositionInPattern>
        <PassingTime>2000-01-01T10:55:00.000</PassingTime>
        <NoteCode></NoteCode>
      </TimingPoint>
      <TimingPoint>
        <PositionInPattern>2</PositionInPattern>
        <PassingTime>2000-01-01T11:03:00.000</PassingTime>
        <NoteCode></NoteCode>
      </TimingPoint>
      <TimingPoint>
        <PositionInPattern>3</PositionInPattern>
        <PassingTime>2000-01-01T11:13:00.000</PassingTime>
        <NoteCode></NoteCode>
      </TimingPoint>
      <TimingPoint>
        <PositionInPattern>4</PositionInPattern>
        <PassingTime>2000-01-01T11:20:00.000</PassingTime>
        <NoteCode></NoteCode>
      </TimingPoint>
      <TimingPoint>
        <PositionInPattern>5</PositionInPattern>
        <PassingTime>2000-01-01T11:27:00.000</PassingTime>
        <NoteCode></NoteCode>
      </TimingPoint>
    </Trip>
    <Trip>
      <RouteIdentifier> 105</RouteIdentifier>
      <NoteCode></NoteCode>
      <SequenceNo>14</SequenceNo>
      <trp_route_public> 105</trp_route_public>
      <TimingPoint>
        <PositionInPattern>0</PositionInPattern>
        <PassingTime>2000-01-01T11:20:00.000</PassingTime>
        <NoteCode></NoteCode>
      </TimingPoint>
      <TimingPoint>
        <PositionInPattern>1</PositionInPattern>
        <PassingTime>2000-01-01T11:25:00.000</PassingTime>
        <NoteCode></NoteCode>
      </TimingPoint>
      <TimingPoint>
        <PositionInPattern>2</PositionInPattern>
        <PassingTime>2000-01-01T11:33:00.000</PassingTime>
        <NoteCode></NoteCode>
      </TimingPoint>
      <TimingPoint>
        <PositionInPattern>3</PositionInPattern>
        <PassingTime>2000-01-01T11:43:00.000</PassingTime>
        <NoteCode></NoteCode>
      </TimingPoint>
      <TimingPoint>
        <PositionInPattern>4</PositionInPattern>
        <PassingTime>2000-01-01T11:50:00.000</PassingTime>
        <NoteCode></NoteCode>
      </TimingPoint>
      <TimingPoint>
        <PositionInPattern>5</PositionInPattern>
        <PassingTime>2000-01-01T11:57:00.000</PassingTime>
        <NoteCode></NoteCode>
      </TimingPoint>
    </Trip>
    <Trip>
      <RouteIdentifier> 105</RouteIdentifier>
      <NoteCode></NoteCode>
      <SequenceNo>15</SequenceNo>
      <trp_route_public> 105</trp_route_public>
      <TimingPoint>
        <PositionInPattern>0</PositionInPattern>
        <PassingTime>2000-01-01T11:50:00.000</PassingTime>
        <NoteCode></NoteCode>
      </TimingPoint>
      <TimingPoint>
        <PositionInPattern>1</PositionInPattern>
        <PassingTime>2000-01-01T11:55:00.000</PassingTime>
        <NoteCode></NoteCode>
      </TimingPoint>
      <TimingPoint>
        <PositionInPattern>2</PositionInPattern>
        <PassingTime>2000-01-01T12:03:00.000</PassingTime>
        <NoteCode></NoteCode>
      </TimingPoint>
      <TimingPoint>
        <PositionInPattern>3</PositionInPattern>
        <PassingTime>2000-01-01T12:13:00.000</PassingTime>
        <NoteCode></NoteCode>
      </TimingPoint>
      <TimingPoint>
        <PositionInPattern>4</PositionInPattern>
        <PassingTime>2000-01-01T12:20:00.000</PassingTime>
        <NoteCode></NoteCode>
      </TimingPoint>
      <TimingPoint>
        <PositionInPattern>5</PositionInPattern>
        <PassingTime>2000-01-01T12:27:00.000</PassingTime>
        <NoteCode></NoteCode>
      </TimingPoint>
    </Trip>
    <Trip>
      <RouteIdentifier> 105</RouteIdentifier>
      <NoteCode></NoteCode>
      <SequenceNo>16</SequenceNo>
      <trp_route_public> 105</trp_route_public>
      <TimingPoint>
        <PositionInPattern>0</PositionInPattern>
        <PassingTime>2000-01-01T12:20:00.000</PassingTime>
        <NoteCode></NoteCode>
      </TimingPoint>
      <TimingPoint>
        <PositionInPattern>1</PositionInPattern>
        <PassingTime>2000-01-01T12:25:00.000</PassingTime>
        <NoteCode></NoteCode>
      </TimingPoint>
      <TimingPoint>
        <PositionInPattern>2</PositionInPattern>
        <PassingTime>2000-01-01T12:33:00.000</PassingTime>
        <NoteCode></NoteCode>
      </TimingPoint>
      <TimingPoint>
        <PositionInPattern>3</PositionInPattern>
        <PassingTime>2000-01-01T12:43:00.000</PassingTime>
        <NoteCode></NoteCode>
      </TimingPoint>
      <TimingPoint>
        <PositionInPattern>4</PositionInPattern>
        <PassingTime>2000-01-01T12:50:00.000</PassingTime>
        <NoteCode></NoteCode>
      </TimingPoint>
      <TimingPoint>
        <PositionInPattern>5</PositionInPattern>
        <PassingTime>2000-01-01T12:57:00.000</PassingTime>
        <NoteCode></NoteCode>
      </TimingPoint>
    </Trip>
    <Trip>
      <RouteIdentifier> 105</RouteIdentifier>
      <NoteCode></NoteCode>
      <SequenceNo>17</SequenceNo>
      <trp_route_public> 105</trp_route_public>
      <TimingPoint>
        <PositionInPattern>0</PositionInPattern>
        <PassingTime>2000-01-01T12:51:00.000</PassingTime>
        <NoteCode></NoteCode>
      </TimingPoint>
      <TimingPoint>
        <PositionInPattern>1</PositionInPattern>
        <PassingTime>2000-01-01T12:56:00.000</PassingTime>
        <NoteCode></NoteCode>
      </TimingPoint>
      <TimingPoint>
        <PositionInPattern>2</PositionInPattern>
        <PassingTime>2000-01-01T13:04:00.000</PassingTime>
        <NoteCode></NoteCode>
      </TimingPoint>
      <TimingPoint>
        <PositionInPattern>3</PositionInPattern>
        <PassingTime>2000-01-01T13:16:00.000</PassingTime>
        <NoteCode></NoteCode>
      </TimingPoint>
      <TimingPoint>
        <PositionInPattern>4</PositionInPattern>
        <PassingTime>2000-01-01T13:23:00.000</PassingTime>
        <NoteCode></NoteCode>
      </TimingPoint>
      <TimingPoint>
        <PositionInPattern>5</PositionInPattern>
        <PassingTime>2000-01-01T13:31:00.000</PassingTime>
        <NoteCode></NoteCode>
      </TimingPoint>
    </Trip>
    <Trip>
      <RouteIdentifier> 105</RouteIdentifier>
      <NoteCode></NoteCode>
      <SequenceNo>18</SequenceNo>
      <trp_route_public> 105</trp_route_public>
      <TimingPoint>
        <PositionInPattern>0</PositionInPattern>
        <PassingTime>2000-01-01T13:20:00.000</PassingTime>
        <NoteCode></NoteCode>
      </TimingPoint>
      <TimingPoint>
        <PositionInPattern>1</PositionInPattern>
        <PassingTime>2000-01-01T13:25:00.000</PassingTime>
        <NoteCode></NoteCode>
      </TimingPoint>
      <TimingPoint>
        <PositionInPattern>2</PositionInPattern>
        <PassingTime>2000-01-01T13:34:00.000</PassingTime>
        <NoteCode></NoteCode>
      </TimingPoint>
      <TimingPoint>
        <PositionInPattern>3</PositionInPattern>
        <PassingTime>2000-01-01T13:46:00.000</PassingTime>
        <NoteCode></NoteCode>
      </TimingPoint>
      <TimingPoint>
        <PositionInPattern>4</PositionInPattern>
        <PassingTime>2000-01-01T13:53:00.000</PassingTime>
        <NoteCode></NoteCode>
      </TimingPoint>
      <TimingPoint>
        <PositionInPattern>5</PositionInPattern>
        <PassingTime>2000-01-01T14:01:00.000</PassingTime>
        <NoteCode></NoteCode>
      </TimingPoint>
    </Trip>
    <Trip>
      <RouteIdentifier> 105</RouteIdentifier>
      <NoteCode></NoteCode>
      <SequenceNo>19</SequenceNo>
      <trp_route_public> 105</trp_route_public>
      <TimingPoint>
        <PositionInPattern>0</PositionInPattern>
        <PassingTime>2000-01-01T13:50:00.000</PassingTime>
        <NoteCode></NoteCode>
      </TimingPoint>
      <TimingPoint>
        <PositionInPattern>1</PositionInPattern>
        <PassingTime>2000-01-01T13:55:00.000</PassingTime>
        <NoteCode></NoteCode>
      </TimingPoint>
      <TimingPoint>
        <PositionInPattern>2</PositionInPattern>
        <PassingTime>2000-01-01T14:04:00.000</PassingTime>
        <NoteCode></NoteCode>
      </TimingPoint>
      <TimingPoint>
        <PositionInPattern>3</PositionInPattern>
        <PassingTime>2000-01-01T14:16:00.000</PassingTime>
        <NoteCode></NoteCode>
      </TimingPoint>
      <TimingPoint>
        <PositionInPattern>4</PositionInPattern>
        <PassingTime>2000-01-01T14:23:00.000</PassingTime>
        <NoteCode></NoteCode>
      </TimingPoint>
      <TimingPoint>
        <PositionInPattern>5</PositionInPattern>
        <PassingTime>2000-01-01T14:31:00.000</PassingTime>
        <NoteCode></NoteCode>
      </TimingPoint>
    </Trip>
    <Trip>
      <RouteIdentifier> 105</RouteIdentifier>
      <NoteCode></NoteCode>
      <SequenceNo>20</SequenceNo>
      <trp_route_public> 105</trp_route_public>
      <TimingPoint>
        <PositionInPattern>0</PositionInPattern>
        <PassingTime>2000-01-01T14:20:00.000</PassingTime>
        <NoteCode></NoteCode>
      </TimingPoint>
      <TimingPoint>
        <PositionInPattern>1</PositionInPattern>
        <PassingTime>2000-01-01T14:25:00.000</PassingTime>
        <NoteCode></NoteCode>
      </TimingPoint>
      <TimingPoint>
        <PositionInPattern>2</PositionInPattern>
        <PassingTime>2000-01-01T14:34:00.000</PassingTime>
        <NoteCode></NoteCode>
      </TimingPoint>
      <TimingPoint>
        <PositionInPattern>3</PositionInPattern>
        <PassingTime>2000-01-01T14:46:00.000</PassingTime>
        <NoteCode></NoteCode>
      </TimingPoint>
      <TimingPoint>
        <PositionInPattern>4</PositionInPattern>
        <PassingTime>2000-01-01T14:53:00.000</PassingTime>
        <NoteCode></NoteCode>
      </TimingPoint>
      <TimingPoint>
        <PositionInPattern>5</PositionInPattern>
        <PassingTime>2000-01-01T15:01:00.000</PassingTime>
        <NoteCode></NoteCode>
      </TimingPoint>
    </Trip>
    <Trip>
      <RouteIdentifier> 105</RouteIdentifier>
      <NoteCode></NoteCode>
      <SequenceNo>21</SequenceNo>
      <trp_route_public> 105</trp_route_public>
      <TimingPoint>
        <PositionInPattern>0</PositionInPattern>
        <PassingTime>2000-01-01T14:50:00.000</PassingTime>
        <NoteCode></NoteCode>
      </TimingPoint>
      <TimingPoint>
        <PositionInPattern>1</PositionInPattern>
        <PassingTime>2000-01-01T14:55:00.000</PassingTime>
        <NoteCode></NoteCode>
      </TimingPoint>
      <TimingPoint>
        <PositionInPattern>2</PositionInPattern>
        <PassingTime>2000-01-01T15:04:00.000</PassingTime>
        <NoteCode></NoteCode>
      </TimingPoint>
      <TimingPoint>
        <PositionInPattern>3</PositionInPattern>
        <PassingTime>2000-01-01T15:18:00.000</PassingTime>
        <NoteCode></NoteCode>
      </TimingPoint>
      <TimingPoint>
        <PositionInPattern>4</PositionInPattern>
        <PassingTime>2000-01-01T15:25:00.000</PassingTime>
        <NoteCode></NoteCode>
      </TimingPoint>
      <TimingPoint>
        <PositionInPattern>5</PositionInPattern>
        <PassingTime>2000-01-01T15:34:00.000</PassingTime>
        <NoteCode></NoteCode>
      </TimingPoint>
    </Trip>
    <Trip>
      <RouteIdentifier> 105</RouteIdentifier>
      <NoteCode></NoteCode>
      <SequenceNo>22</SequenceNo>
      <trp_route_public> 105</trp_route_public>
      <TimingPoint>
        <PositionInPattern>0</PositionInPattern>
        <PassingTime>2000-01-01T15:10:00.000</PassingTime>
        <NoteCode></NoteCode>
      </TimingPoint>
      <TimingPoint>
        <PositionInPattern>1</PositionInPattern>
        <PassingTime>2000-01-01T15:15:00.000</PassingTime>
        <NoteCode></NoteCode>
      </TimingPoint>
      <TimingPoint>
        <PositionInPattern>2</PositionInPattern>
        <PassingTime>2000-01-01T15:25:00.000</PassingTime>
        <NoteCode></NoteCode>
      </TimingPoint>
      <TimingPoint>
        <PositionInPattern>3</PositionInPattern>
        <PassingTime>2000-01-01T15:39:00.000</PassingTime>
        <NoteCode></NoteCode>
      </TimingPoint>
      <TimingPoint>
        <PositionInPattern>4</PositionInPattern>
        <PassingTime>2000-01-01T15:46:00.000</PassingTime>
        <NoteCode></NoteCode>
      </TimingPoint>
      <TimingPoint>
        <PositionInPattern>5</PositionInPattern>
        <PassingTime>2000-01-01T15:55:00.000</PassingTime>
        <NoteCode></NoteCode>
      </TimingPoint>
    </Trip>
    <Trip>
      <RouteIdentifier> 105</RouteIdentifier>
      <NoteCode></NoteCode>
      <SequenceNo>23</SequenceNo>
      <trp_route_public> 105</trp_route_public>
      <TimingPoint>
        <PositionInPattern>0</PositionInPattern>
        <PassingTime>2000-01-01T15:30:00.000</PassingTime>
        <NoteCode></NoteCode>
      </TimingPoint>
      <TimingPoint>
        <PositionInPattern>1</PositionInPattern>
        <PassingTime>2000-01-01T15:35:00.000</PassingTime>
        <NoteCode></NoteCode>
      </TimingPoint>
      <TimingPoint>
        <PositionInPattern>2</PositionInPattern>
        <PassingTime>2000-01-01T15:45:00.000</PassingTime>
        <NoteCode></NoteCode>
      </TimingPoint>
      <TimingPoint>
        <PositionInPattern>3</PositionInPattern>
        <PassingTime>2000-01-01T15:59:00.000</PassingTime>
        <NoteCode></NoteCode>
      </TimingPoint>
      <TimingPoint>
        <PositionInPattern>4</PositionInPattern>
        <PassingTime>2000-01-01T16:06:00.000</PassingTime>
        <NoteCode></NoteCode>
      </TimingPoint>
      <TimingPoint>
        <PositionInPattern>5</PositionInPattern>
        <PassingTime>2000-01-01T16:15:00.000</PassingTime>
        <NoteCode></NoteCode>
      </TimingPoint>
    </Trip>
    <Trip>
      <RouteIdentifier> 105</RouteIdentifier>
      <NoteCode></NoteCode>
      <SequenceNo>24</SequenceNo>
      <trp_route_public> 105</trp_route_public>
      <TimingPoint>
        <PositionInPattern>0</PositionInPattern>
        <PassingTime>2000-01-01T15:50:00.000</PassingTime>
        <NoteCode></NoteCode>
      </TimingPoint>
      <TimingPoint>
        <PositionInPattern>1</PositionInPattern>
        <PassingTime>2000-01-01T15:55:00.000</PassingTime>
        <NoteCode></NoteCode>
      </TimingPoint>
      <TimingPoint>
        <PositionInPattern>2</PositionInPattern>
        <PassingTime>2000-01-01T16:05:00.000</PassingTime>
        <NoteCode></NoteCode>
      </TimingPoint>
      <TimingPoint>
        <PositionInPattern>3</PositionInPattern>
        <PassingTime>2000-01-01T16:19:00.000</PassingTime>
        <NoteCode></NoteCode>
      </TimingPoint>
      <TimingPoint>
        <PositionInPattern>4</PositionInPattern>
        <PassingTime>2000-01-01T16:26:00.000</PassingTime>
        <NoteCode></NoteCode>
      </TimingPoint>
      <TimingPoint>
        <PositionInPattern>5</PositionInPattern>
        <PassingTime>2000-01-01T16:35:00.000</PassingTime>
        <NoteCode></NoteCode>
      </TimingPoint>
    </Trip>
    <Trip>
      <RouteIdentifier> 105</RouteIdentifier>
      <NoteCode></NoteCode>
      <SequenceNo>25</SequenceNo>
      <trp_route_public> 105</trp_route_public>
      <TimingPoint>
        <PositionInPattern>0</PositionInPattern>
        <PassingTime>2000-01-01T16:10:00.000</PassingTime>
        <NoteCode></NoteCode>
      </TimingPoint>
      <TimingPoint>
        <PositionInPattern>1</PositionInPattern>
        <PassingTime>2000-01-01T16:15:00.000</PassingTime>
        <NoteCode></NoteCode>
      </TimingPoint>
      <TimingPoint>
        <PositionInPattern>2</PositionInPattern>
        <PassingTime>2000-01-01T16:25:00.000</PassingTime>
        <NoteCode></NoteCode>
      </TimingPoint>
      <TimingPoint>
        <PositionInPattern>3</PositionInPattern>
        <PassingTime>2000-01-01T16:40:00.000</PassingTime>
        <NoteCode></NoteCode>
      </TimingPoint>
      <TimingPoint>
        <PositionInPattern>4</PositionInPattern>
        <PassingTime>2000-01-01T16:48:00.000</PassingTime>
        <NoteCode></NoteCode>
      </TimingPoint>
      <TimingPoint>
        <PositionInPattern>5</PositionInPattern>
        <PassingTime>2000-01-01T16:57:00.000</PassingTime>
        <NoteCode></NoteCode>
      </TimingPoint>
    </Trip>
    <Trip>
      <RouteIdentifier> 105</RouteIdentifier>
      <NoteCode></NoteCode>
      <SequenceNo>26</SequenceNo>
      <trp_route_public> 105</trp_route_public>
      <TimingPoint>
        <PositionInPattern>0</PositionInPattern>
        <PassingTime>2000-01-01T16:30:00.000</PassingTime>
        <NoteCode></NoteCode>
      </TimingPoint>
      <TimingPoint>
        <PositionInPattern>1</PositionInPattern>
        <PassingTime>2000-01-01T16:36:00.000</PassingTime>
        <NoteCode></NoteCode>
      </TimingPoint>
      <TimingPoint>
        <PositionInPattern>2</PositionInPattern>
        <PassingTime>2000-01-01T16:47:00.000</PassingTime>
        <NoteCode></NoteCode>
      </TimingPoint>
      <TimingPoint>
        <PositionInPattern>3</PositionInPattern>
        <PassingTime>2000-01-01T17:02:00.000</PassingTime>
        <NoteCode></NoteCode>
      </TimingPoint>
      <TimingPoint>
        <PositionInPattern>4</PositionInPattern>
        <PassingTime>2000-01-01T17:10:00.000</PassingTime>
        <NoteCode></NoteCode>
      </TimingPoint>
      <TimingPoint>
        <PositionInPattern>5</PositionInPattern>
        <PassingTime>2000-01-01T17:19:00.000</PassingTime>
        <NoteCode></NoteCode>
      </TimingPoint>
    </Trip>
    <Trip>
      <RouteIdentifier> 105</RouteIdentifier>
      <NoteCode></NoteCode>
      <SequenceNo>27</SequenceNo>
      <trp_route_public> 105</trp_route_public>
      <TimingPoint>
        <PositionInPattern>0</PositionInPattern>
        <PassingTime>2000-01-01T16:50:00.000</PassingTime>
        <NoteCode></NoteCode>
      </TimingPoint>
      <TimingPoint>
        <PositionInPattern>1</PositionInPattern>
        <PassingTime>2000-01-01T16:56:00.000</PassingTime>
        <NoteCode></NoteCode>
      </TimingPoint>
      <TimingPoint>
        <PositionInPattern>2</PositionInPattern>
        <PassingTime>2000-01-01T17:07:00.000</PassingTime>
        <NoteCode></NoteCode>
      </TimingPoint>
      <TimingPoint>
        <PositionInPattern>3</PositionInPattern>
        <PassingTime>2000-01-01T17:22:00.000</PassingTime>
        <NoteCode></NoteCode>
      </TimingPoint>
      <TimingPoint>
        <PositionInPattern>4</PositionInPattern>
        <PassingTime>2000-01-01T17:30:00.000</PassingTime>
        <NoteCode></NoteCode>
      </TimingPoint>
      <TimingPoint>
        <PositionInPattern>5</PositionInPattern>
        <PassingTime>2000-01-01T17:39:00.000</PassingTime>
        <NoteCode></NoteCode>
      </TimingPoint>
    </Trip>
    <Trip>
      <RouteIdentifier> 105</RouteIdentifier>
      <NoteCode></NoteCode>
      <SequenceNo>28</SequenceNo>
      <trp_route_public> 105</trp_route_public>
      <TimingPoint>
        <PositionInPattern>0</PositionInPattern>
        <PassingTime>2000-01-01T17:09:00.000</PassingTime>
        <NoteCode></NoteCode>
      </TimingPoint>
      <TimingPoint>
        <PositionInPattern>1</PositionInPattern>
        <PassingTime>2000-01-01T17:15:00.000</PassingTime>
        <NoteCode></NoteCode>
      </TimingPoint>
      <TimingPoint>
        <PositionInPattern>2</PositionInPattern>
        <PassingTime>2000-01-01T17:26:00.000</PassingTime>
        <NoteCode></NoteCode>
      </TimingPoint>
      <TimingPoint>
        <PositionInPattern>3</PositionInPattern>
        <PassingTime>2000-01-01T17:41:00.000</PassingTime>
        <NoteCode></NoteCode>
      </TimingPoint>
      <TimingPoint>
        <PositionInPattern>4</PositionInPattern>
        <PassingTime>2000-01-01T17:49:00.000</PassingTime>
        <NoteCode></NoteCode>
      </TimingPoint>
      <TimingPoint>
        <PositionInPattern>5</PositionInPattern>
        <PassingTime>2000-01-01T17:58:00.000</PassingTime>
        <NoteCode></NoteCode>
      </TimingPoint>
    </Trip>
    <Trip>
      <RouteIdentifier> 105</RouteIdentifier>
      <NoteCode></NoteCode>
      <SequenceNo>29</SequenceNo>
      <trp_route_public> 105</trp_route_public>
      <TimingPoint>
        <PositionInPattern>0</PositionInPattern>
        <PassingTime>2000-01-01T17:29:00.000</PassingTime>
        <NoteCode></NoteCode>
      </TimingPoint>
      <TimingPoint>
        <PositionInPattern>1</PositionInPattern>
        <PassingTime>2000-01-01T17:35:00.000</PassingTime>
        <NoteCode></NoteCode>
      </TimingPoint>
      <TimingPoint>
        <PositionInPattern>2</PositionInPattern>
        <PassingTime>2000-01-01T17:46:00.000</PassingTime>
        <NoteCode></NoteCode>
      </TimingPoint>
      <TimingPoint>
        <PositionInPattern>3</PositionInPattern>
        <PassingTime>2000-01-01T18:01:00.000</PassingTime>
        <NoteCode></NoteCode>
      </TimingPoint>
      <TimingPoint>
        <PositionInPattern>4</PositionInPattern>
        <PassingTime>2000-01-01T18:08:00.000</PassingTime>
        <NoteCode></NoteCode>
      </TimingPoint>
      <TimingPoint>
        <PositionInPattern>5</PositionInPattern>
        <PassingTime>2000-01-01T18:16:00.000</PassingTime>
        <NoteCode></NoteCode>
      </TimingPoint>
    </Trip>
    <Trip>
      <RouteIdentifier> 105</RouteIdentifier>
      <NoteCode></NoteCode>
      <SequenceNo>30</SequenceNo>
      <trp_route_public> 105</trp_route_public>
      <TimingPoint>
        <PositionInPattern>0</PositionInPattern>
        <PassingTime>2000-01-01T17:50:00.000</PassingTime>
        <NoteCode></NoteCode>
      </TimingPoint>
      <TimingPoint>
        <PositionInPattern>1</PositionInPattern>
        <PassingTime>2000-01-01T17:56:00.000</PassingTime>
        <NoteCode></NoteCode>
      </TimingPoint>
      <TimingPoint>
        <PositionInPattern>2</PositionInPattern>
        <PassingTime>2000-01-01T18:06:00.000</PassingTime>
        <NoteCode></NoteCode>
      </TimingPoint>
      <TimingPoint>
        <PositionInPattern>3</PositionInPattern>
        <PassingTime>2000-01-01T18:19:00.000</PassingTime>
        <NoteCode></NoteCode>
      </TimingPoint>
      <TimingPoint>
        <PositionInPattern>4</PositionInPattern>
        <PassingTime>2000-01-01T18:26:00.000</PassingTime>
        <NoteCode></NoteCode>
      </TimingPoint>
      <TimingPoint>
        <PositionInPattern>5</PositionInPattern>
        <PassingTime>2000-01-01T18:34:00.000</PassingTime>
        <NoteCode></NoteCode>
      </TimingPoint>
    </Trip>
    <Trip>
      <RouteIdentifier> 105</RouteIdentifier>
      <NoteCode></NoteCode>
      <SequenceNo>31</SequenceNo>
      <trp_route_public> 105</trp_route_public>
      <TimingPoint>
        <PositionInPattern>0</PositionInPattern>
        <PassingTime>2000-01-01T18:20:00.000</PassingTime>
        <NoteCode></NoteCode>
      </TimingPoint>
      <TimingPoint>
        <PositionInPattern>1</PositionInPattern>
        <PassingTime>2000-01-01T18:25:00.000</PassingTime>
        <NoteCode></NoteCode>
      </TimingPoint>
      <TimingPoint>
        <PositionInPattern>2</PositionInPattern>
        <PassingTime>2000-01-01T18:35:00.000</PassingTime>
        <NoteCode></NoteCode>
      </TimingPoint>
      <TimingPoint>
        <PositionInPattern>3</PositionInPattern>
        <PassingTime>2000-01-01T18:48:00.000</PassingTime>
        <NoteCode></NoteCode>
      </TimingPoint>
      <TimingPoint>
        <PositionInPattern>4</PositionInPattern>
        <PassingTime>2000-01-01T18:55:00.000</PassingTime>
        <NoteCode></NoteCode>
      </TimingPoint>
      <TimingPoint>
        <PositionInPattern>5</PositionInPattern>
        <PassingTime>2000-01-01T19:03:00.000</PassingTime>
        <NoteCode></NoteCode>
      </TimingPoint>
    </Trip>
    <Trip>
      <RouteIdentifier> 105</RouteIdentifier>
      <NoteCode></NoteCode>
      <SequenceNo>32</SequenceNo>
      <trp_route_public> 105</trp_route_public>
      <TimingPoint>
        <PositionInPattern>0</PositionInPattern>
        <PassingTime>2000-01-01T18:51:00.000</PassingTime>
        <NoteCode></NoteCode>
      </TimingPoint>
      <TimingPoint>
        <PositionInPattern>1</PositionInPattern>
        <PassingTime>2000-01-01T18:56:00.000</PassingTime>
        <NoteCode></NoteCode>
      </TimingPoint>
      <TimingPoint>
        <PositionInPattern>2</PositionInPattern>
        <PassingTime>2000-01-01T19:05:00.000</PassingTime>
        <NoteCode></NoteCode>
      </TimingPoint>
      <TimingPoint>
        <PositionInPattern>3</PositionInPattern>
        <PassingTime>2000-01-01T19:16:00.000</PassingTime>
        <NoteCode></NoteCode>
      </TimingPoint>
      <TimingPoint>
        <PositionInPattern>4</PositionInPattern>
        <PassingTime>2000-01-01T19:23:00.000</PassingTime>
        <NoteCode></NoteCode>
      </TimingPoint>
      <TimingPoint>
        <PositionInPattern>5</PositionInPattern>
        <PassingTime>2000-01-01T19:31:00.000</PassingTime>
        <NoteCode></NoteCode>
      </TimingPoint>
    </Trip>
    <Trip>
      <RouteIdentifier> 105</RouteIdentifier>
      <NoteCode></NoteCode>
      <SequenceNo>33</SequenceNo>
      <trp_route_public> 105</trp_route_public>
      <TimingPoint>
        <PositionInPattern>0</PositionInPattern>
        <PassingTime>2000-01-01T19:20:00.000</PassingTime>
        <NoteCode></NoteCode>
      </TimingPoint>
      <TimingPoint>
        <PositionInPattern>1</PositionInPattern>
        <PassingTime>2000-01-01T19:25:00.000</PassingTime>
        <NoteCode></NoteCode>
      </TimingPoint>
      <TimingPoint>
        <PositionInPattern>2</PositionInPattern>
        <PassingTime>2000-01-01T19:34:00.000</PassingTime>
        <NoteCode></NoteCode>
      </TimingPoint>
      <TimingPoint>
        <PositionInPattern>3</PositionInPattern>
        <PassingTime>2000-01-01T19:45:00.000</PassingTime>
        <NoteCode></NoteCode>
      </TimingPoint>
      <TimingPoint>
        <PositionInPattern>4</PositionInPattern>
        <PassingTime>2000-01-01T19:52:00.000</PassingTime>
        <NoteCode></NoteCode>
      </TimingPoint>
      <TimingPoint>
        <PositionInPattern>5</PositionInPattern>
        <PassingTime>2000-01-01T20:00:00.000</PassingTime>
        <NoteCode></NoteCode>
      </TimingPoint>
    </Trip>
    <Trip>
      <RouteIdentifier> 105</RouteIdentifier>
      <NoteCode></NoteCode>
      <SequenceNo>34</SequenceNo>
      <trp_route_public> 105</trp_route_public>
      <TimingPoint>
        <PositionInPattern>0</PositionInPattern>
        <PassingTime>2000-01-01T19:50:00.000</PassingTime>
        <NoteCode></NoteCode>
      </TimingPoint>
      <TimingPoint>
        <PositionInPattern>1</PositionInPattern>
        <PassingTime>2000-01-01T19:55:00.000</PassingTime>
        <NoteCode></NoteCode>
      </TimingPoint>
      <TimingPoint>
        <PositionInPattern>2</PositionInPattern>
        <PassingTime>2000-01-01T20:03:00.000</PassingTime>
        <NoteCode></NoteCode>
      </TimingPoint>
      <TimingPoint>
        <PositionInPattern>3</PositionInPattern>
        <PassingTime>2000-01-01T20:14:00.000</PassingTime>
        <NoteCode></NoteCode>
      </TimingPoint>
      <TimingPoint>
        <PositionInPattern>4</PositionInPattern>
        <PassingTime>2000-01-01T20:21:00.000</PassingTime>
        <NoteCode></NoteCode>
      </TimingPoint>
      <TimingPoint>
        <PositionInPattern>5</PositionInPattern>
        <PassingTime>2000-01-01T20:28:00.000</PassingTime>
        <NoteCode></NoteCode>
      </TimingPoint>
    </Trip>
    <Trip>
      <RouteIdentifier> 105</RouteIdentifier>
      <NoteCode></NoteCode>
      <SequenceNo>35</SequenceNo>
      <trp_route_public> 105</trp_route_public>
      <TimingPoint>
        <PositionInPattern>0</PositionInPattern>
        <PassingTime>2000-01-01T20:50:00.000</PassingTime>
        <NoteCode></NoteCode>
      </TimingPoint>
      <TimingPoint>
        <PositionInPattern>1</PositionInPattern>
        <PassingTime>2000-01-01T20:54:00.000</PassingTime>
        <NoteCode></NoteCode>
      </TimingPoint>
      <TimingPoint>
        <PositionInPattern>2</PositionInPattern>
        <PassingTime>2000-01-01T21:01:00.000</PassingTime>
        <NoteCode></NoteCode>
      </TimingPoint>
      <TimingPoint>
        <PositionInPattern>3</PositionInPattern>
        <PassingTime>2000-01-01T21:12:00.000</PassingTime>
        <NoteCode></NoteCode>
      </TimingPoint>
      <TimingPoint>
        <PositionInPattern>4</PositionInPattern>
        <PassingTime>2000-01-01T21:19:00.000</PassingTime>
        <NoteCode></NoteCode>
      </TimingPoint>
      <TimingPoint>
        <PositionInPattern>5</PositionInPattern>
        <PassingTime>2000-01-01T21:26:00.000</PassingTime>
        <NoteCode></NoteCode>
      </TimingPoint>
    </Trip>
    <Trip>
      <RouteIdentifier> 105</RouteIdentifier>
      <NoteCode></NoteCode>
      <SequenceNo>36</SequenceNo>
      <trp_route_public> 105</trp_route_public>
      <TimingPoint>
        <PositionInPattern>0</PositionInPattern>
        <PassingTime>2000-01-01T22:10:00.000</PassingTime>
        <NoteCode></NoteCode>
      </TimingPoint>
      <TimingPoint>
        <PositionInPattern>1</PositionInPattern>
        <PassingTime>2000-01-01T22:14:00.000</PassingTime>
        <NoteCode></NoteCode>
      </TimingPoint>
      <TimingPoint>
        <PositionInPattern>2</PositionInPattern>
        <PassingTime>2000-01-01T22:21:00.000</PassingTime>
        <NoteCode></NoteCode>
      </TimingPoint>
      <TimingPoint>
        <PositionInPattern>3</PositionInPattern>
        <PassingTime>2000-01-01T22:32:00.000</PassingTime>
        <NoteCode></NoteCode>
      </TimingPoint>
      <TimingPoint>
        <PositionInPattern>4</PositionInPattern>
        <PassingTime>2000-01-01T22:39:00.000</PassingTime>
        <NoteCode></NoteCode>
      </TimingPoint>
      <TimingPoint>
        <PositionInPattern>5</PositionInPattern>
        <PassingTime>2000-01-01T22:46:00.000</PassingTime>
        <NoteCode></NoteCode>
      </TimingPoint>
    </Trip>
    <PttPlaceInfoPlace>
      <PlaceIdentifier>uw2</PlaceIdentifier>
      <PositionInPattern>0</PositionInPattern>
    </PttPlaceInfoPlace>
    <PttPlaceInfoPlace>
      <PlaceIdentifier>185z7</PlaceIdentifier>
      <PositionInPattern>1</PositionInPattern>
    </PttPlaceInfoPlace>
    <PttPlaceInfoPlace>
      <PlaceIdentifier>cpkpr</PlaceIdentifier>
      <PositionInPattern>2</PositionInPattern>
    </PttPlaceInfoPlace>
    <PttPlaceInfoPlace>
      <PlaceIdentifier>mctc</PlaceIdentifier>
      <PositionInPattern>3</PositionInPattern>
    </PttPlaceInfoPlace>
    <PttPlaceInfoPlace>
      <PlaceIdentifier>mcppr</PlaceIdentifier>
      <PositionInPattern>4</PositionInPattern>
    </PttPlaceInfoPlace>
    <PttPlaceInfoPlace>
      <PlaceIdentifier>marpr</PlaceIdentifier>
      <PositionInPattern>5</PositionInPattern>
    </PttPlaceInfoPlace>
  </PttPlaceInfo>
  <Place>
    <Identifier>marpr</Identifier>
    <Description>Mariner Park &amp; Ride</Description>
  </Place>
  <Place>
    <Identifier>mcppr</Identifier>
    <Description>McCollum Park Park &amp; Ride</Description>
  </Place>
  <Place>
    <Identifier>mctc</Identifier>
    <Description>Hwy 527 &amp; 153rd SE</Description>
  </Place>
  <Place>
    <Identifier>cpkpr</Identifier>
    <Description>Canyon Park Park &amp; Ride</Description>
  </Place>
  <Place>
    <Identifier>185z7</Identifier>
    <Description>Hwy 527 &amp; 185th NE</Description>
  </Place>
  <Place>
    <Identifier>uw2</Identifier>
    <Description>UW Bothell Cascadia College</Description>
  </Place>
</PublicTimeTable>