﻿<?xml version="1.0" encoding="utf-8"?>
<PublicTimeTable>
  <CurrentDate>2011-01-19</CurrentDate>
  <VehicleSchedule>
    <BookingIdentifier>11FEB</BookingIdentifier>
    <Name>1-201</Name>
    <Type>Weekday</Type>
    <Scenario>1</Scenario>
    <Description>CT Weekday Primary; eff. 03-20-11</Description>
    <DateStamp>2011-01-19</DateStamp>
    <TimeStamp>2000-01-01T14:52:36.000</TimeStamp>
  </VehicleSchedule>
  <Route>
    <Identifier>280</Identifier>
    <Description>Everett - Granite Falls</Description>
    <PublicIdentifier>280</PublicIdentifier>
    <FirstDirectionName>Everett</FirstDirectionName>
    <SecondDirectionName>Granite Falls</SecondDirectionName>
  </Route>
  <PttPlaceInfo>
    <Identifier>280wb</Identifier>
    <Description>280 wb</Description>
    <ScheduleType>Weekday</ScheduleType>
    <DirectionName>Everett</DirectionName>
    <Trip>
      <RouteIdentifier> 280</RouteIdentifier>
      <NoteCode></NoteCode>
      <SequenceNo>0</SequenceNo>
      <trp_route_public> 280</trp_route_public>
      <TimingPoint>
        <PositionInPattern>3</PositionInPattern>
        <PassingTime>2000-01-01T05:02:00.000</PassingTime>
        <NoteCode></NoteCode>
      </TimingPoint>
      <TimingPoint>
        <PositionInPattern>4</PositionInPattern>
        <PassingTime>2000-01-01T05:18:00.000</PassingTime>
        <NoteCode>l</NoteCode>
      </TimingPoint>
    </Trip>
    <Trip>
      <RouteIdentifier> 280</RouteIdentifier>
      <NoteCode></NoteCode>
      <SequenceNo>1</SequenceNo>
      <trp_route_public> 280</trp_route_public>
      <TimingPoint>
        <PositionInPattern>3</PositionInPattern>
        <PassingTime>2000-01-01T05:32:00.000</PassingTime>
        <NoteCode></NoteCode>
      </TimingPoint>
      <TimingPoint>
        <PositionInPattern>4</PositionInPattern>
        <PassingTime>2000-01-01T05:48:00.000</PassingTime>
        <NoteCode>l</NoteCode>
      </TimingPoint>
    </Trip>
    <Trip>
      <RouteIdentifier> 280</RouteIdentifier>
      <NoteCode></NoteCode>
      <SequenceNo>2</SequenceNo>
      <trp_route_public> 280</trp_route_public>
      <TimingPoint>
        <PositionInPattern>0</PositionInPattern>
        <PassingTime>2000-01-01T05:16:00.000</PassingTime>
        <NoteCode></NoteCode>
      </TimingPoint>
      <TimingPoint>
        <PositionInPattern>1</PositionInPattern>
        <PassingTime>2000-01-01T05:25:00.000</PassingTime>
        <NoteCode></NoteCode>
      </TimingPoint>
      <TimingPoint>
        <PositionInPattern>2</PositionInPattern>
        <PassingTime>2000-01-01T05:32:00.000</PassingTime>
        <NoteCode></NoteCode>
      </TimingPoint>
      <TimingPoint>
        <PositionInPattern>3</PositionInPattern>
        <PassingTime>2000-01-01T05:46:00.000</PassingTime>
        <NoteCode></NoteCode>
      </TimingPoint>
      <TimingPoint>
        <PositionInPattern>4</PositionInPattern>
        <PassingTime>2000-01-01T06:05:00.000</PassingTime>
        <NoteCode></NoteCode>
      </TimingPoint>
    </Trip>
    <Trip>
      <RouteIdentifier> 280</RouteIdentifier>
      <NoteCode></NoteCode>
      <SequenceNo>3</SequenceNo>
      <trp_route_public> 280</trp_route_public>
      <TimingPoint>
        <PositionInPattern>0</PositionInPattern>
        <PassingTime>2000-01-01T05:44:00.000</PassingTime>
        <NoteCode></NoteCode>
      </TimingPoint>
      <TimingPoint>
        <PositionInPattern>1</PositionInPattern>
        <PassingTime>2000-01-01T05:53:00.000</PassingTime>
        <NoteCode></NoteCode>
      </TimingPoint>
      <TimingPoint>
        <PositionInPattern>2</PositionInPattern>
        <PassingTime>2000-01-01T06:00:00.000</PassingTime>
        <NoteCode></NoteCode>
      </TimingPoint>
      <TimingPoint>
        <PositionInPattern>3</PositionInPattern>
        <PassingTime>2000-01-01T06:14:00.000</PassingTime>
        <NoteCode></NoteCode>
      </TimingPoint>
      <TimingPoint>
        <PositionInPattern>4</PositionInPattern>
        <PassingTime>2000-01-01T06:33:00.000</PassingTime>
        <NoteCode></NoteCode>
      </TimingPoint>
    </Trip>
    <Trip>
      <RouteIdentifier> 280</RouteIdentifier>
      <NoteCode></NoteCode>
      <SequenceNo>4</SequenceNo>
      <trp_route_public> 280</trp_route_public>
      <TimingPoint>
        <PositionInPattern>0</PositionInPattern>
        <PassingTime>2000-01-01T06:12:00.000</PassingTime>
        <NoteCode></NoteCode>
      </TimingPoint>
      <TimingPoint>
        <PositionInPattern>1</PositionInPattern>
        <PassingTime>2000-01-01T06:21:00.000</PassingTime>
        <NoteCode></NoteCode>
      </TimingPoint>
      <TimingPoint>
        <PositionInPattern>2</PositionInPattern>
        <PassingTime>2000-01-01T06:28:00.000</PassingTime>
        <NoteCode></NoteCode>
      </TimingPoint>
      <TimingPoint>
        <PositionInPattern>3</PositionInPattern>
        <PassingTime>2000-01-01T06:43:00.000</PassingTime>
        <NoteCode></NoteCode>
      </TimingPoint>
      <TimingPoint>
        <PositionInPattern>4</PositionInPattern>
        <PassingTime>2000-01-01T07:02:00.000</PassingTime>
        <NoteCode></NoteCode>
      </TimingPoint>
      <TimingPoint>
        <PositionInPattern>5</PositionInPattern>
        <PassingTime>2000-01-01T07:09:00.000</PassingTime>
        <NoteCode></NoteCode>
      </TimingPoint>
    </Trip>
    <Trip>
      <RouteIdentifier> 280</RouteIdentifier>
      <NoteCode></NoteCode>
      <SequenceNo>5</SequenceNo>
      <trp_route_public> 280</trp_route_public>
      <TimingPoint>
        <PositionInPattern>0</PositionInPattern>
        <PassingTime>2000-01-01T06:51:00.000</PassingTime>
        <NoteCode></NoteCode>
      </TimingPoint>
      <TimingPoint>
        <PositionInPattern>1</PositionInPattern>
        <PassingTime>2000-01-01T07:00:00.000</PassingTime>
        <NoteCode></NoteCode>
      </TimingPoint>
      <TimingPoint>
        <PositionInPattern>2</PositionInPattern>
        <PassingTime>2000-01-01T07:07:00.000</PassingTime>
        <NoteCode></NoteCode>
      </TimingPoint>
      <TimingPoint>
        <PositionInPattern>3</PositionInPattern>
        <PassingTime>2000-01-01T07:22:00.000</PassingTime>
        <NoteCode></NoteCode>
      </TimingPoint>
      <TimingPoint>
        <PositionInPattern>4</PositionInPattern>
        <PassingTime>2000-01-01T07:41:00.000</PassingTime>
        <NoteCode></NoteCode>
      </TimingPoint>
      <TimingPoint>
        <PositionInPattern>5</PositionInPattern>
        <PassingTime>2000-01-01T07:48:00.000</PassingTime>
        <NoteCode></NoteCode>
      </TimingPoint>
    </Trip>
    <Trip>
      <RouteIdentifier> 280</RouteIdentifier>
      <NoteCode></NoteCode>
      <SequenceNo>6</SequenceNo>
      <trp_route_public> 280</trp_route_public>
      <TimingPoint>
        <PositionInPattern>0</PositionInPattern>
        <PassingTime>2000-01-01T07:35:00.000</PassingTime>
        <NoteCode></NoteCode>
      </TimingPoint>
      <TimingPoint>
        <PositionInPattern>1</PositionInPattern>
        <PassingTime>2000-01-01T07:44:00.000</PassingTime>
        <NoteCode></NoteCode>
      </TimingPoint>
      <TimingPoint>
        <PositionInPattern>2</PositionInPattern>
        <PassingTime>2000-01-01T07:51:00.000</PassingTime>
        <NoteCode></NoteCode>
      </TimingPoint>
      <TimingPoint>
        <PositionInPattern>3</PositionInPattern>
        <PassingTime>2000-01-01T08:06:00.000</PassingTime>
        <NoteCode></NoteCode>
      </TimingPoint>
      <TimingPoint>
        <PositionInPattern>4</PositionInPattern>
        <PassingTime>2000-01-01T08:25:00.000</PassingTime>
        <NoteCode></NoteCode>
      </TimingPoint>
    </Trip>
    <Trip>
      <RouteIdentifier> 280</RouteIdentifier>
      <NoteCode></NoteCode>
      <SequenceNo>7</SequenceNo>
      <trp_route_public> 280</trp_route_public>
      <TimingPoint>
        <PositionInPattern>0</PositionInPattern>
        <PassingTime>2000-01-01T08:05:00.000</PassingTime>
        <NoteCode></NoteCode>
      </TimingPoint>
      <TimingPoint>
        <PositionInPattern>1</PositionInPattern>
        <PassingTime>2000-01-01T08:14:00.000</PassingTime>
        <NoteCode></NoteCode>
      </TimingPoint>
      <TimingPoint>
        <PositionInPattern>2</PositionInPattern>
        <PassingTime>2000-01-01T08:21:00.000</PassingTime>
        <NoteCode></NoteCode>
      </TimingPoint>
      <TimingPoint>
        <PositionInPattern>3</PositionInPattern>
        <PassingTime>2000-01-01T08:35:00.000</PassingTime>
        <NoteCode></NoteCode>
      </TimingPoint>
      <TimingPoint>
        <PositionInPattern>4</PositionInPattern>
        <PassingTime>2000-01-01T08:54:00.000</PassingTime>
        <NoteCode></NoteCode>
      </TimingPoint>
    </Trip>
    <Trip>
      <RouteIdentifier> 280</RouteIdentifier>
      <NoteCode></NoteCode>
      <SequenceNo>8</SequenceNo>
      <trp_route_public> 280</trp_route_public>
      <TimingPoint>
        <PositionInPattern>0</PositionInPattern>
        <PassingTime>2000-01-01T09:05:00.000</PassingTime>
        <NoteCode></NoteCode>
      </TimingPoint>
      <TimingPoint>
        <PositionInPattern>1</PositionInPattern>
        <PassingTime>2000-01-01T09:14:00.000</PassingTime>
        <NoteCode></NoteCode>
      </TimingPoint>
      <TimingPoint>
        <PositionInPattern>2</PositionInPattern>
        <PassingTime>2000-01-01T09:21:00.000</PassingTime>
        <NoteCode></NoteCode>
      </TimingPoint>
      <TimingPoint>
        <PositionInPattern>3</PositionInPattern>
        <PassingTime>2000-01-01T09:35:00.000</PassingTime>
        <NoteCode></NoteCode>
      </TimingPoint>
      <TimingPoint>
        <PositionInPattern>4</PositionInPattern>
        <PassingTime>2000-01-01T09:51:00.000</PassingTime>
        <NoteCode></NoteCode>
      </TimingPoint>
    </Trip>
    <Trip>
      <RouteIdentifier> 280</RouteIdentifier>
      <NoteCode></NoteCode>
      <SequenceNo>9</SequenceNo>
      <trp_route_public> 280</trp_route_public>
      <TimingPoint>
        <PositionInPattern>0</PositionInPattern>
        <PassingTime>2000-01-01T10:08:00.000</PassingTime>
        <NoteCode></NoteCode>
      </TimingPoint>
      <TimingPoint>
        <PositionInPattern>1</PositionInPattern>
        <PassingTime>2000-01-01T10:17:00.000</PassingTime>
        <NoteCode></NoteCode>
      </TimingPoint>
      <TimingPoint>
        <PositionInPattern>2</PositionInPattern>
        <PassingTime>2000-01-01T10:24:00.000</PassingTime>
        <NoteCode></NoteCode>
      </TimingPoint>
      <TimingPoint>
        <PositionInPattern>3</PositionInPattern>
        <PassingTime>2000-01-01T10:38:00.000</PassingTime>
        <NoteCode></NoteCode>
      </TimingPoint>
      <TimingPoint>
        <PositionInPattern>4</PositionInPattern>
        <PassingTime>2000-01-01T10:54:00.000</PassingTime>
        <NoteCode></NoteCode>
      </TimingPoint>
    </Trip>
    <Trip>
      <RouteIdentifier> 280</RouteIdentifier>
      <NoteCode></NoteCode>
      <SequenceNo>10</SequenceNo>
      <trp_route_public> 280</trp_route_public>
      <TimingPoint>
        <PositionInPattern>0</PositionInPattern>
        <PassingTime>2000-01-01T11:13:00.000</PassingTime>
        <NoteCode></NoteCode>
      </TimingPoint>
      <TimingPoint>
        <PositionInPattern>1</PositionInPattern>
        <PassingTime>2000-01-01T11:22:00.000</PassingTime>
        <NoteCode></NoteCode>
      </TimingPoint>
      <TimingPoint>
        <PositionInPattern>2</PositionInPattern>
        <PassingTime>2000-01-01T11:29:00.000</PassingTime>
        <NoteCode></NoteCode>
      </TimingPoint>
      <TimingPoint>
        <PositionInPattern>3</PositionInPattern>
        <PassingTime>2000-01-01T11:43:00.000</PassingTime>
        <NoteCode></NoteCode>
      </TimingPoint>
      <TimingPoint>
        <PositionInPattern>4</PositionInPattern>
        <PassingTime>2000-01-01T11:59:00.000</PassingTime>
        <NoteCode></NoteCode>
      </TimingPoint>
    </Trip>
    <Trip>
      <RouteIdentifier> 280</RouteIdentifier>
      <NoteCode></NoteCode>
      <SequenceNo>11</SequenceNo>
      <trp_route_public> 280</trp_route_public>
      <TimingPoint>
        <PositionInPattern>0</PositionInPattern>
        <PassingTime>2000-01-01T12:13:00.000</PassingTime>
        <NoteCode></NoteCode>
      </TimingPoint>
      <TimingPoint>
        <PositionInPattern>1</PositionInPattern>
        <PassingTime>2000-01-01T12:22:00.000</PassingTime>
        <NoteCode></NoteCode>
      </TimingPoint>
      <TimingPoint>
        <PositionInPattern>2</PositionInPattern>
        <PassingTime>2000-01-01T12:29:00.000</PassingTime>
        <NoteCode></NoteCode>
      </TimingPoint>
      <TimingPoint>
        <PositionInPattern>3</PositionInPattern>
        <PassingTime>2000-01-01T12:43:00.000</PassingTime>
        <NoteCode></NoteCode>
      </TimingPoint>
      <TimingPoint>
        <PositionInPattern>4</PositionInPattern>
        <PassingTime>2000-01-01T12:59:00.000</PassingTime>
        <NoteCode></NoteCode>
      </TimingPoint>
    </Trip>
    <Trip>
      <RouteIdentifier> 280</RouteIdentifier>
      <NoteCode></NoteCode>
      <SequenceNo>12</SequenceNo>
      <trp_route_public> 280</trp_route_public>
      <TimingPoint>
        <PositionInPattern>0</PositionInPattern>
        <PassingTime>2000-01-01T13:13:00.000</PassingTime>
        <NoteCode></NoteCode>
      </TimingPoint>
      <TimingPoint>
        <PositionInPattern>1</PositionInPattern>
        <PassingTime>2000-01-01T13:22:00.000</PassingTime>
        <NoteCode></NoteCode>
      </TimingPoint>
      <TimingPoint>
        <PositionInPattern>2</PositionInPattern>
        <PassingTime>2000-01-01T13:29:00.000</PassingTime>
        <NoteCode></NoteCode>
      </TimingPoint>
      <TimingPoint>
        <PositionInPattern>3</PositionInPattern>
        <PassingTime>2000-01-01T13:43:00.000</PassingTime>
        <NoteCode></NoteCode>
      </TimingPoint>
      <TimingPoint>
        <PositionInPattern>4</PositionInPattern>
        <PassingTime>2000-01-01T13:59:00.000</PassingTime>
        <NoteCode></NoteCode>
      </TimingPoint>
    </Trip>
    <Trip>
      <RouteIdentifier> 280</RouteIdentifier>
      <NoteCode></NoteCode>
      <SequenceNo>13</SequenceNo>
      <trp_route_public> 280</trp_route_public>
      <TimingPoint>
        <PositionInPattern>0</PositionInPattern>
        <PassingTime>2000-01-01T14:13:00.000</PassingTime>
        <NoteCode></NoteCode>
      </TimingPoint>
      <TimingPoint>
        <PositionInPattern>1</PositionInPattern>
        <PassingTime>2000-01-01T14:23:00.000</PassingTime>
        <NoteCode></NoteCode>
      </TimingPoint>
      <TimingPoint>
        <PositionInPattern>2</PositionInPattern>
        <PassingTime>2000-01-01T14:31:00.000</PassingTime>
        <NoteCode></NoteCode>
      </TimingPoint>
      <TimingPoint>
        <PositionInPattern>3</PositionInPattern>
        <PassingTime>2000-01-01T14:48:00.000</PassingTime>
        <NoteCode></NoteCode>
      </TimingPoint>
      <TimingPoint>
        <PositionInPattern>4</PositionInPattern>
        <PassingTime>2000-01-01T15:06:00.000</PassingTime>
        <NoteCode></NoteCode>
      </TimingPoint>
    </Trip>
    <Trip>
      <RouteIdentifier> 280</RouteIdentifier>
      <NoteCode></NoteCode>
      <SequenceNo>14</SequenceNo>
      <trp_route_public> 280</trp_route_public>
      <TimingPoint>
        <PositionInPattern>0</PositionInPattern>
        <PassingTime>2000-01-01T15:13:00.000</PassingTime>
        <NoteCode></NoteCode>
      </TimingPoint>
      <TimingPoint>
        <PositionInPattern>1</PositionInPattern>
        <PassingTime>2000-01-01T15:23:00.000</PassingTime>
        <NoteCode></NoteCode>
      </TimingPoint>
      <TimingPoint>
        <PositionInPattern>2</PositionInPattern>
        <PassingTime>2000-01-01T15:30:00.000</PassingTime>
        <NoteCode></NoteCode>
      </TimingPoint>
      <TimingPoint>
        <PositionInPattern>3</PositionInPattern>
        <PassingTime>2000-01-01T15:44:00.000</PassingTime>
        <NoteCode></NoteCode>
      </TimingPoint>
      <TimingPoint>
        <PositionInPattern>4</PositionInPattern>
        <PassingTime>2000-01-01T16:02:00.000</PassingTime>
        <NoteCode></NoteCode>
      </TimingPoint>
    </Trip>
    <Trip>
      <RouteIdentifier> 280</RouteIdentifier>
      <NoteCode></NoteCode>
      <SequenceNo>15</SequenceNo>
      <trp_route_public> 280</trp_route_public>
      <TimingPoint>
        <PositionInPattern>0</PositionInPattern>
        <PassingTime>2000-01-01T16:18:00.000</PassingTime>
        <NoteCode></NoteCode>
      </TimingPoint>
      <TimingPoint>
        <PositionInPattern>1</PositionInPattern>
        <PassingTime>2000-01-01T16:28:00.000</PassingTime>
        <NoteCode></NoteCode>
      </TimingPoint>
      <TimingPoint>
        <PositionInPattern>2</PositionInPattern>
        <PassingTime>2000-01-01T16:35:00.000</PassingTime>
        <NoteCode></NoteCode>
      </TimingPoint>
      <TimingPoint>
        <PositionInPattern>3</PositionInPattern>
        <PassingTime>2000-01-01T16:49:00.000</PassingTime>
        <NoteCode></NoteCode>
      </TimingPoint>
      <TimingPoint>
        <PositionInPattern>4</PositionInPattern>
        <PassingTime>2000-01-01T17:07:00.000</PassingTime>
        <NoteCode></NoteCode>
      </TimingPoint>
    </Trip>
    <Trip>
      <RouteIdentifier> 280</RouteIdentifier>
      <NoteCode></NoteCode>
      <SequenceNo>16</SequenceNo>
      <trp_route_public> 280</trp_route_public>
      <TimingPoint>
        <PositionInPattern>0</PositionInPattern>
        <PassingTime>2000-01-01T17:16:00.000</PassingTime>
        <NoteCode></NoteCode>
      </TimingPoint>
      <TimingPoint>
        <PositionInPattern>1</PositionInPattern>
        <PassingTime>2000-01-01T17:26:00.000</PassingTime>
        <NoteCode></NoteCode>
      </TimingPoint>
      <TimingPoint>
        <PositionInPattern>2</PositionInPattern>
        <PassingTime>2000-01-01T17:33:00.000</PassingTime>
        <NoteCode></NoteCode>
      </TimingPoint>
      <TimingPoint>
        <PositionInPattern>3</PositionInPattern>
        <PassingTime>2000-01-01T17:47:00.000</PassingTime>
        <NoteCode></NoteCode>
      </TimingPoint>
      <TimingPoint>
        <PositionInPattern>4</PositionInPattern>
        <PassingTime>2000-01-01T18:04:00.000</PassingTime>
        <NoteCode></NoteCode>
      </TimingPoint>
    </Trip>
    <Trip>
      <RouteIdentifier> 280</RouteIdentifier>
      <NoteCode></NoteCode>
      <SequenceNo>17</SequenceNo>
      <trp_route_public> 280</trp_route_public>
      <TimingPoint>
        <PositionInPattern>0</PositionInPattern>
        <PassingTime>2000-01-01T18:14:00.000</PassingTime>
        <NoteCode></NoteCode>
      </TimingPoint>
      <TimingPoint>
        <PositionInPattern>1</PositionInPattern>
        <PassingTime>2000-01-01T18:23:00.000</PassingTime>
        <NoteCode></NoteCode>
      </TimingPoint>
      <TimingPoint>
        <PositionInPattern>2</PositionInPattern>
        <PassingTime>2000-01-01T18:30:00.000</PassingTime>
        <NoteCode></NoteCode>
      </TimingPoint>
      <TimingPoint>
        <PositionInPattern>3</PositionInPattern>
        <PassingTime>2000-01-01T18:44:00.000</PassingTime>
        <NoteCode></NoteCode>
      </TimingPoint>
      <TimingPoint>
        <PositionInPattern>4</PositionInPattern>
        <PassingTime>2000-01-01T19:01:00.000</PassingTime>
        <NoteCode></NoteCode>
      </TimingPoint>
    </Trip>
    <Trip>
      <RouteIdentifier> 280</RouteIdentifier>
      <NoteCode></NoteCode>
      <SequenceNo>18</SequenceNo>
      <trp_route_public> 280</trp_route_public>
      <TimingPoint>
        <PositionInPattern>0</PositionInPattern>
        <PassingTime>2000-01-01T19:22:00.000</PassingTime>
        <NoteCode></NoteCode>
      </TimingPoint>
      <TimingPoint>
        <PositionInPattern>1</PositionInPattern>
        <PassingTime>2000-01-01T19:31:00.000</PassingTime>
        <NoteCode></NoteCode>
      </TimingPoint>
      <TimingPoint>
        <PositionInPattern>2</PositionInPattern>
        <PassingTime>2000-01-01T19:38:00.000</PassingTime>
        <NoteCode></NoteCode>
      </TimingPoint>
      <TimingPoint>
        <PositionInPattern>3</PositionInPattern>
        <PassingTime>2000-01-01T19:52:00.000</PassingTime>
        <NoteCode></NoteCode>
      </TimingPoint>
      <TimingPoint>
        <PositionInPattern>4</PositionInPattern>
        <PassingTime>2000-01-01T20:09:00.000</PassingTime>
        <NoteCode></NoteCode>
      </TimingPoint>
    </Trip>
    <Note>
      <Code>l</Code>
      <Description>Trip ends Boeing Gate E68 26 min. later</Description>
    </Note>
    <PttPlaceInfoPlace>
      <PlaceIdentifier>grfls</PlaceIdentifier>
      <PositionInPattern>0</PositionInPattern>
    </PttPlaceInfoPlace>
    <PttPlaceInfoPlace>
      <PlaceIdentifier>92147</PlaceIdentifier>
      <PositionInPattern>1</PositionInPattern>
    </PttPlaceInfoPlace>
    <PttPlaceInfoPlace>
      <PlaceIdentifier>main18</PlaceIdentifier>
      <PositionInPattern>2</PositionInPattern>
    </PttPlaceInfoPlace>
    <PttPlaceInfoPlace>
      <PlaceIdentifier>lkspr</PlaceIdentifier>
      <PositionInPattern>3</PositionInPattern>
    </PttPlaceInfoPlace>
    <PttPlaceInfoPlace>
      <PlaceIdentifier>evtst</PlaceIdentifier>
      <PositionInPattern>4</PositionInPattern>
    </PttPlaceInfoPlace>
    <PttPlaceInfoPlace>
      <PlaceIdentifier>hwlom</PlaceIdentifier>
      <PositionInPattern>5</PositionInPattern>
    </PttPlaceInfoPlace>
  </PttPlaceInfo>
  <PttPlaceInfo>
    <Identifier>280eb</Identifier>
    <Description>280eb</Description>
    <ScheduleType>Weekday</ScheduleType>
    <DirectionName>Granite Falls</DirectionName>
    <Trip>
      <RouteIdentifier> 280</RouteIdentifier>
      <NoteCode></NoteCode>
      <SequenceNo>0</SequenceNo>
      <trp_route_public> 280</trp_route_public>
      <TimingPoint>
        <PositionInPattern>1</PositionInPattern>
        <PassingTime>2000-01-01T05:55:00.000</PassingTime>
        <NoteCode></NoteCode>
      </TimingPoint>
      <TimingPoint>
        <PositionInPattern>2</PositionInPattern>
        <PassingTime>2000-01-01T06:11:00.000</PassingTime>
        <NoteCode></NoteCode>
      </TimingPoint>
      <TimingPoint>
        <PositionInPattern>3</PositionInPattern>
        <PassingTime>2000-01-01T06:25:00.000</PassingTime>
        <NoteCode></NoteCode>
      </TimingPoint>
      <TimingPoint>
        <PositionInPattern>4</PositionInPattern>
        <PassingTime>2000-01-01T06:32:00.000</PassingTime>
        <NoteCode></NoteCode>
      </TimingPoint>
      <TimingPoint>
        <PositionInPattern>5</PositionInPattern>
        <PassingTime>2000-01-01T06:43:00.000</PassingTime>
        <NoteCode></NoteCode>
      </TimingPoint>
    </Trip>
    <Trip>
      <RouteIdentifier> 280</RouteIdentifier>
      <NoteCode></NoteCode>
      <SequenceNo>1</SequenceNo>
      <trp_route_public> 280</trp_route_public>
      <TimingPoint>
        <PositionInPattern>1</PositionInPattern>
        <PassingTime>2000-01-01T06:32:00.000</PassingTime>
        <NoteCode></NoteCode>
      </TimingPoint>
      <TimingPoint>
        <PositionInPattern>2</PositionInPattern>
        <PassingTime>2000-01-01T06:48:00.000</PassingTime>
        <NoteCode></NoteCode>
      </TimingPoint>
      <TimingPoint>
        <PositionInPattern>3</PositionInPattern>
        <PassingTime>2000-01-01T07:02:00.000</PassingTime>
        <NoteCode></NoteCode>
      </TimingPoint>
      <TimingPoint>
        <PositionInPattern>4</PositionInPattern>
        <PassingTime>2000-01-01T07:09:00.000</PassingTime>
        <NoteCode></NoteCode>
      </TimingPoint>
      <TimingPoint>
        <PositionInPattern>5</PositionInPattern>
        <PassingTime>2000-01-01T07:20:00.000</PassingTime>
        <NoteCode></NoteCode>
      </TimingPoint>
    </Trip>
    <Trip>
      <RouteIdentifier> 280</RouteIdentifier>
      <NoteCode></NoteCode>
      <SequenceNo>2</SequenceNo>
      <trp_route_public> 280</trp_route_public>
      <TimingPoint>
        <PositionInPattern>1</PositionInPattern>
        <PassingTime>2000-01-01T07:04:00.000</PassingTime>
        <NoteCode></NoteCode>
      </TimingPoint>
      <TimingPoint>
        <PositionInPattern>2</PositionInPattern>
        <PassingTime>2000-01-01T07:20:00.000</PassingTime>
        <NoteCode></NoteCode>
      </TimingPoint>
      <TimingPoint>
        <PositionInPattern>3</PositionInPattern>
        <PassingTime>2000-01-01T07:34:00.000</PassingTime>
        <NoteCode></NoteCode>
      </TimingPoint>
      <TimingPoint>
        <PositionInPattern>4</PositionInPattern>
        <PassingTime>2000-01-01T07:41:00.000</PassingTime>
        <NoteCode></NoteCode>
      </TimingPoint>
      <TimingPoint>
        <PositionInPattern>5</PositionInPattern>
        <PassingTime>2000-01-01T07:52:00.000</PassingTime>
        <NoteCode></NoteCode>
      </TimingPoint>
    </Trip>
    <Trip>
      <RouteIdentifier> 280</RouteIdentifier>
      <NoteCode></NoteCode>
      <SequenceNo>3</SequenceNo>
      <trp_route_public> 280</trp_route_public>
      <TimingPoint>
        <PositionInPattern>1</PositionInPattern>
        <PassingTime>2000-01-01T08:05:00.000</PassingTime>
        <NoteCode></NoteCode>
      </TimingPoint>
      <TimingPoint>
        <PositionInPattern>2</PositionInPattern>
        <PassingTime>2000-01-01T08:21:00.000</PassingTime>
        <NoteCode></NoteCode>
      </TimingPoint>
      <TimingPoint>
        <PositionInPattern>3</PositionInPattern>
        <PassingTime>2000-01-01T08:35:00.000</PassingTime>
        <NoteCode></NoteCode>
      </TimingPoint>
      <TimingPoint>
        <PositionInPattern>4</PositionInPattern>
        <PassingTime>2000-01-01T08:42:00.000</PassingTime>
        <NoteCode></NoteCode>
      </TimingPoint>
      <TimingPoint>
        <PositionInPattern>5</PositionInPattern>
        <PassingTime>2000-01-01T08:53:00.000</PassingTime>
        <NoteCode></NoteCode>
      </TimingPoint>
    </Trip>
    <Trip>
      <RouteIdentifier> 280</RouteIdentifier>
      <NoteCode></NoteCode>
      <SequenceNo>4</SequenceNo>
      <trp_route_public> 280</trp_route_public>
      <TimingPoint>
        <PositionInPattern>1</PositionInPattern>
        <PassingTime>2000-01-01T09:08:00.000</PassingTime>
        <NoteCode></NoteCode>
      </TimingPoint>
      <TimingPoint>
        <PositionInPattern>2</PositionInPattern>
        <PassingTime>2000-01-01T09:23:00.000</PassingTime>
        <NoteCode></NoteCode>
      </TimingPoint>
      <TimingPoint>
        <PositionInPattern>3</PositionInPattern>
        <PassingTime>2000-01-01T09:39:00.000</PassingTime>
        <NoteCode></NoteCode>
      </TimingPoint>
      <TimingPoint>
        <PositionInPattern>4</PositionInPattern>
        <PassingTime>2000-01-01T09:47:00.000</PassingTime>
        <NoteCode></NoteCode>
      </TimingPoint>
      <TimingPoint>
        <PositionInPattern>5</PositionInPattern>
        <PassingTime>2000-01-01T09:58:00.000</PassingTime>
        <NoteCode></NoteCode>
      </TimingPoint>
    </Trip>
    <Trip>
      <RouteIdentifier> 280</RouteIdentifier>
      <NoteCode></NoteCode>
      <SequenceNo>5</SequenceNo>
      <trp_route_public> 280</trp_route_public>
      <TimingPoint>
        <PositionInPattern>1</PositionInPattern>
        <PassingTime>2000-01-01T10:07:00.000</PassingTime>
        <NoteCode></NoteCode>
      </TimingPoint>
      <TimingPoint>
        <PositionInPattern>2</PositionInPattern>
        <PassingTime>2000-01-01T10:22:00.000</PassingTime>
        <NoteCode></NoteCode>
      </TimingPoint>
      <TimingPoint>
        <PositionInPattern>3</PositionInPattern>
        <PassingTime>2000-01-01T10:38:00.000</PassingTime>
        <NoteCode></NoteCode>
      </TimingPoint>
      <TimingPoint>
        <PositionInPattern>4</PositionInPattern>
        <PassingTime>2000-01-01T10:46:00.000</PassingTime>
        <NoteCode></NoteCode>
      </TimingPoint>
      <TimingPoint>
        <PositionInPattern>5</PositionInPattern>
        <PassingTime>2000-01-01T10:57:00.000</PassingTime>
        <NoteCode></NoteCode>
      </TimingPoint>
    </Trip>
    <Trip>
      <RouteIdentifier> 280</RouteIdentifier>
      <NoteCode></NoteCode>
      <SequenceNo>6</SequenceNo>
      <trp_route_public> 280</trp_route_public>
      <TimingPoint>
        <PositionInPattern>1</PositionInPattern>
        <PassingTime>2000-01-01T11:08:00.000</PassingTime>
        <NoteCode></NoteCode>
      </TimingPoint>
      <TimingPoint>
        <PositionInPattern>2</PositionInPattern>
        <PassingTime>2000-01-01T11:23:00.000</PassingTime>
        <NoteCode></NoteCode>
      </TimingPoint>
      <TimingPoint>
        <PositionInPattern>3</PositionInPattern>
        <PassingTime>2000-01-01T11:39:00.000</PassingTime>
        <NoteCode></NoteCode>
      </TimingPoint>
      <TimingPoint>
        <PositionInPattern>4</PositionInPattern>
        <PassingTime>2000-01-01T11:47:00.000</PassingTime>
        <NoteCode></NoteCode>
      </TimingPoint>
      <TimingPoint>
        <PositionInPattern>5</PositionInPattern>
        <PassingTime>2000-01-01T11:58:00.000</PassingTime>
        <NoteCode></NoteCode>
      </TimingPoint>
    </Trip>
    <Trip>
      <RouteIdentifier> 280</RouteIdentifier>
      <NoteCode></NoteCode>
      <SequenceNo>7</SequenceNo>
      <trp_route_public> 280</trp_route_public>
      <TimingPoint>
        <PositionInPattern>1</PositionInPattern>
        <PassingTime>2000-01-01T12:07:00.000</PassingTime>
        <NoteCode></NoteCode>
      </TimingPoint>
      <TimingPoint>
        <PositionInPattern>2</PositionInPattern>
        <PassingTime>2000-01-01T12:22:00.000</PassingTime>
        <NoteCode></NoteCode>
      </TimingPoint>
      <TimingPoint>
        <PositionInPattern>3</PositionInPattern>
        <PassingTime>2000-01-01T12:38:00.000</PassingTime>
        <NoteCode></NoteCode>
      </TimingPoint>
      <TimingPoint>
        <PositionInPattern>4</PositionInPattern>
        <PassingTime>2000-01-01T12:46:00.000</PassingTime>
        <NoteCode></NoteCode>
      </TimingPoint>
      <TimingPoint>
        <PositionInPattern>5</PositionInPattern>
        <PassingTime>2000-01-01T12:57:00.000</PassingTime>
        <NoteCode></NoteCode>
      </TimingPoint>
    </Trip>
    <Trip>
      <RouteIdentifier> 280</RouteIdentifier>
      <NoteCode></NoteCode>
      <SequenceNo>8</SequenceNo>
      <trp_route_public> 280</trp_route_public>
      <TimingPoint>
        <PositionInPattern>1</PositionInPattern>
        <PassingTime>2000-01-01T13:01:00.000</PassingTime>
        <NoteCode></NoteCode>
      </TimingPoint>
      <TimingPoint>
        <PositionInPattern>2</PositionInPattern>
        <PassingTime>2000-01-01T13:16:00.000</PassingTime>
        <NoteCode></NoteCode>
      </TimingPoint>
      <TimingPoint>
        <PositionInPattern>3</PositionInPattern>
        <PassingTime>2000-01-01T13:32:00.000</PassingTime>
        <NoteCode></NoteCode>
      </TimingPoint>
      <TimingPoint>
        <PositionInPattern>4</PositionInPattern>
        <PassingTime>2000-01-01T13:40:00.000</PassingTime>
        <NoteCode></NoteCode>
      </TimingPoint>
      <TimingPoint>
        <PositionInPattern>5</PositionInPattern>
        <PassingTime>2000-01-01T13:51:00.000</PassingTime>
        <NoteCode></NoteCode>
      </TimingPoint>
    </Trip>
    <Trip>
      <RouteIdentifier> 280</RouteIdentifier>
      <NoteCode></NoteCode>
      <SequenceNo>9</SequenceNo>
      <trp_route_public> 280</trp_route_public>
      <TimingPoint>
        <PositionInPattern>1</PositionInPattern>
        <PassingTime>2000-01-01T14:07:00.000</PassingTime>
        <NoteCode></NoteCode>
      </TimingPoint>
      <TimingPoint>
        <PositionInPattern>2</PositionInPattern>
        <PassingTime>2000-01-01T14:22:00.000</PassingTime>
        <NoteCode></NoteCode>
      </TimingPoint>
      <TimingPoint>
        <PositionInPattern>3</PositionInPattern>
        <PassingTime>2000-01-01T14:37:00.000</PassingTime>
        <NoteCode></NoteCode>
      </TimingPoint>
      <TimingPoint>
        <PositionInPattern>4</PositionInPattern>
        <PassingTime>2000-01-01T14:44:00.000</PassingTime>
        <NoteCode></NoteCode>
      </TimingPoint>
      <TimingPoint>
        <PositionInPattern>5</PositionInPattern>
        <PassingTime>2000-01-01T14:54:00.000</PassingTime>
        <NoteCode></NoteCode>
      </TimingPoint>
    </Trip>
    <Trip>
      <RouteIdentifier> 280</RouteIdentifier>
      <NoteCode></NoteCode>
      <SequenceNo>10</SequenceNo>
      <trp_route_public> 280</trp_route_public>
      <TimingPoint>
        <PositionInPattern>1</PositionInPattern>
        <PassingTime>2000-01-01T15:07:00.000</PassingTime>
        <NoteCode>E</NoteCode>
      </TimingPoint>
      <TimingPoint>
        <PositionInPattern>2</PositionInPattern>
        <PassingTime>2000-01-01T15:22:00.000</PassingTime>
        <NoteCode></NoteCode>
      </TimingPoint>
      <TimingPoint>
        <PositionInPattern>3</PositionInPattern>
        <PassingTime>2000-01-01T15:38:00.000</PassingTime>
        <NoteCode></NoteCode>
      </TimingPoint>
      <TimingPoint>
        <PositionInPattern>4</PositionInPattern>
        <PassingTime>2000-01-01T15:46:00.000</PassingTime>
        <NoteCode></NoteCode>
      </TimingPoint>
      <TimingPoint>
        <PositionInPattern>5</PositionInPattern>
        <PassingTime>2000-01-01T15:57:00.000</PassingTime>
        <NoteCode></NoteCode>
      </TimingPoint>
    </Trip>
    <Trip>
      <RouteIdentifier> 280</RouteIdentifier>
      <NoteCode></NoteCode>
      <SequenceNo>11</SequenceNo>
      <trp_route_public> 280</trp_route_public>
      <TimingPoint>
        <PositionInPattern>1</PositionInPattern>
        <PassingTime>2000-01-01T15:37:00.000</PassingTime>
        <NoteCode>E</NoteCode>
      </TimingPoint>
      <TimingPoint>
        <PositionInPattern>2</PositionInPattern>
        <PassingTime>2000-01-01T15:52:00.000</PassingTime>
        <NoteCode></NoteCode>
      </TimingPoint>
      <TimingPoint>
        <PositionInPattern>3</PositionInPattern>
        <PassingTime>2000-01-01T16:08:00.000</PassingTime>
        <NoteCode></NoteCode>
      </TimingPoint>
      <TimingPoint>
        <PositionInPattern>4</PositionInPattern>
        <PassingTime>2000-01-01T16:16:00.000</PassingTime>
        <NoteCode></NoteCode>
      </TimingPoint>
      <TimingPoint>
        <PositionInPattern>5</PositionInPattern>
        <PassingTime>2000-01-01T16:27:00.000</PassingTime>
        <NoteCode></NoteCode>
      </TimingPoint>
    </Trip>
    <Trip>
      <RouteIdentifier> 280</RouteIdentifier>
      <NoteCode></NoteCode>
      <SequenceNo>12</SequenceNo>
      <trp_route_public> 280</trp_route_public>
      <TimingPoint>
        <PositionInPattern>1</PositionInPattern>
        <PassingTime>2000-01-01T16:14:00.000</PassingTime>
        <NoteCode></NoteCode>
      </TimingPoint>
      <TimingPoint>
        <PositionInPattern>2</PositionInPattern>
        <PassingTime>2000-01-01T16:29:00.000</PassingTime>
        <NoteCode></NoteCode>
      </TimingPoint>
      <TimingPoint>
        <PositionInPattern>3</PositionInPattern>
        <PassingTime>2000-01-01T16:43:00.000</PassingTime>
        <NoteCode></NoteCode>
      </TimingPoint>
      <TimingPoint>
        <PositionInPattern>4</PositionInPattern>
        <PassingTime>2000-01-01T16:50:00.000</PassingTime>
        <NoteCode></NoteCode>
      </TimingPoint>
      <TimingPoint>
        <PositionInPattern>5</PositionInPattern>
        <PassingTime>2000-01-01T17:00:00.000</PassingTime>
        <NoteCode></NoteCode>
      </TimingPoint>
    </Trip>
    <Trip>
      <RouteIdentifier> 280</RouteIdentifier>
      <NoteCode></NoteCode>
      <SequenceNo>13</SequenceNo>
      <trp_route_public> 280</trp_route_public>
      <TimingPoint>
        <PositionInPattern>0</PositionInPattern>
        <PassingTime>2000-01-01T16:36:00.000</PassingTime>
        <NoteCode></NoteCode>
      </TimingPoint>
      <TimingPoint>
        <PositionInPattern>1</PositionInPattern>
        <PassingTime>2000-01-01T16:44:00.000</PassingTime>
        <NoteCode></NoteCode>
      </TimingPoint>
      <TimingPoint>
        <PositionInPattern>2</PositionInPattern>
        <PassingTime>2000-01-01T16:59:00.000</PassingTime>
        <NoteCode></NoteCode>
      </TimingPoint>
      <TimingPoint>
        <PositionInPattern>3</PositionInPattern>
        <PassingTime>2000-01-01T17:13:00.000</PassingTime>
        <NoteCode></NoteCode>
      </TimingPoint>
      <TimingPoint>
        <PositionInPattern>4</PositionInPattern>
        <PassingTime>2000-01-01T17:20:00.000</PassingTime>
        <NoteCode></NoteCode>
      </TimingPoint>
      <TimingPoint>
        <PositionInPattern>5</PositionInPattern>
        <PassingTime>2000-01-01T17:30:00.000</PassingTime>
        <NoteCode></NoteCode>
      </TimingPoint>
    </Trip>
    <Trip>
      <RouteIdentifier> 280</RouteIdentifier>
      <NoteCode></NoteCode>
      <SequenceNo>14</SequenceNo>
      <trp_route_public> 280</trp_route_public>
      <TimingPoint>
        <PositionInPattern>0</PositionInPattern>
        <PassingTime>2000-01-01T17:05:00.000</PassingTime>
        <NoteCode></NoteCode>
      </TimingPoint>
      <TimingPoint>
        <PositionInPattern>1</PositionInPattern>
        <PassingTime>2000-01-01T17:13:00.000</PassingTime>
        <NoteCode></NoteCode>
      </TimingPoint>
      <TimingPoint>
        <PositionInPattern>2</PositionInPattern>
        <PassingTime>2000-01-01T17:28:00.000</PassingTime>
        <NoteCode></NoteCode>
      </TimingPoint>
      <TimingPoint>
        <PositionInPattern>3</PositionInPattern>
        <PassingTime>2000-01-01T17:42:00.000</PassingTime>
        <NoteCode></NoteCode>
      </TimingPoint>
      <TimingPoint>
        <PositionInPattern>4</PositionInPattern>
        <PassingTime>2000-01-01T17:49:00.000</PassingTime>
        <NoteCode></NoteCode>
      </TimingPoint>
      <TimingPoint>
        <PositionInPattern>5</PositionInPattern>
        <PassingTime>2000-01-01T17:59:00.000</PassingTime>
        <NoteCode></NoteCode>
      </TimingPoint>
    </Trip>
    <Trip>
      <RouteIdentifier> 280</RouteIdentifier>
      <NoteCode></NoteCode>
      <SequenceNo>15</SequenceNo>
      <trp_route_public> 280</trp_route_public>
      <TimingPoint>
        <PositionInPattern>1</PositionInPattern>
        <PassingTime>2000-01-01T17:37:00.000</PassingTime>
        <NoteCode></NoteCode>
      </TimingPoint>
      <TimingPoint>
        <PositionInPattern>2</PositionInPattern>
        <PassingTime>2000-01-01T17:52:00.000</PassingTime>
        <NoteCode></NoteCode>
      </TimingPoint>
      <TimingPoint>
        <PositionInPattern>3</PositionInPattern>
        <PassingTime>2000-01-01T18:06:00.000</PassingTime>
        <NoteCode></NoteCode>
      </TimingPoint>
      <TimingPoint>
        <PositionInPattern>4</PositionInPattern>
        <PassingTime>2000-01-01T18:13:00.000</PassingTime>
        <NoteCode></NoteCode>
      </TimingPoint>
      <TimingPoint>
        <PositionInPattern>5</PositionInPattern>
        <PassingTime>2000-01-01T18:23:00.000</PassingTime>
        <NoteCode></NoteCode>
      </TimingPoint>
    </Trip>
    <Trip>
      <RouteIdentifier> 280</RouteIdentifier>
      <NoteCode></NoteCode>
      <SequenceNo>16</SequenceNo>
      <trp_route_public> 280</trp_route_public>
      <TimingPoint>
        <PositionInPattern>1</PositionInPattern>
        <PassingTime>2000-01-01T18:07:00.000</PassingTime>
        <NoteCode></NoteCode>
      </TimingPoint>
      <TimingPoint>
        <PositionInPattern>2</PositionInPattern>
        <PassingTime>2000-01-01T18:22:00.000</PassingTime>
        <NoteCode></NoteCode>
      </TimingPoint>
      <TimingPoint>
        <PositionInPattern>3</PositionInPattern>
        <PassingTime>2000-01-01T18:36:00.000</PassingTime>
        <NoteCode></NoteCode>
      </TimingPoint>
      <TimingPoint>
        <PositionInPattern>4</PositionInPattern>
        <PassingTime>2000-01-01T18:43:00.000</PassingTime>
        <NoteCode></NoteCode>
      </TimingPoint>
      <TimingPoint>
        <PositionInPattern>5</PositionInPattern>
        <PassingTime>2000-01-01T18:53:00.000</PassingTime>
        <NoteCode></NoteCode>
      </TimingPoint>
    </Trip>
    <Trip>
      <RouteIdentifier> 280</RouteIdentifier>
      <NoteCode>b</NoteCode>
      <SequenceNo>17</SequenceNo>
      <trp_route_public> 280</trp_route_public>
      <TimingPoint>
        <PositionInPattern>1</PositionInPattern>
        <PassingTime>2000-01-01T18:37:00.000</PassingTime>
        <NoteCode></NoteCode>
      </TimingPoint>
      <TimingPoint>
        <PositionInPattern>2</PositionInPattern>
        <PassingTime>2000-01-01T18:52:00.000</PassingTime>
        <NoteCode></NoteCode>
      </TimingPoint>
      <TimingPoint>
        <PositionInPattern>3</PositionInPattern>
        <PassingTime>2000-01-01T19:06:00.000</PassingTime>
        <NoteCode></NoteCode>
      </TimingPoint>
    </Trip>
    <Trip>
      <RouteIdentifier> 280</RouteIdentifier>
      <NoteCode></NoteCode>
      <SequenceNo>18</SequenceNo>
      <trp_route_public> 280</trp_route_public>
      <TimingPoint>
        <PositionInPattern>1</PositionInPattern>
        <PassingTime>2000-01-01T19:30:00.000</PassingTime>
        <NoteCode></NoteCode>
      </TimingPoint>
      <TimingPoint>
        <PositionInPattern>2</PositionInPattern>
        <PassingTime>2000-01-01T19:45:00.000</PassingTime>
        <NoteCode></NoteCode>
      </TimingPoint>
      <TimingPoint>
        <PositionInPattern>3</PositionInPattern>
        <PassingTime>2000-01-01T19:59:00.000</PassingTime>
        <NoteCode></NoteCode>
      </TimingPoint>
      <TimingPoint>
        <PositionInPattern>4</PositionInPattern>
        <PassingTime>2000-01-01T20:06:00.000</PassingTime>
        <NoteCode></NoteCode>
      </TimingPoint>
      <TimingPoint>
        <PositionInPattern>5</PositionInPattern>
        <PassingTime>2000-01-01T20:16:00.000</PassingTime>
        <NoteCode></NoteCode>
      </TimingPoint>
    </Trip>
    <Trip>
      <RouteIdentifier> 280</RouteIdentifier>
      <NoteCode></NoteCode>
      <SequenceNo>19</SequenceNo>
      <trp_route_public> 280</trp_route_public>
      <TimingPoint>
        <PositionInPattern>1</PositionInPattern>
        <PassingTime>2000-01-01T20:29:00.000</PassingTime>
        <NoteCode></NoteCode>
      </TimingPoint>
      <TimingPoint>
        <PositionInPattern>2</PositionInPattern>
        <PassingTime>2000-01-01T20:44:00.000</PassingTime>
        <NoteCode></NoteCode>
      </TimingPoint>
      <TimingPoint>
        <PositionInPattern>3</PositionInPattern>
        <PassingTime>2000-01-01T20:58:00.000</PassingTime>
        <NoteCode></NoteCode>
      </TimingPoint>
      <TimingPoint>
        <PositionInPattern>4</PositionInPattern>
        <PassingTime>2000-01-01T21:05:00.000</PassingTime>
        <NoteCode></NoteCode>
      </TimingPoint>
      <TimingPoint>
        <PositionInPattern>5</PositionInPattern>
        <PassingTime>2000-01-01T21:15:00.000</PassingTime>
        <NoteCode></NoteCode>
      </TimingPoint>
    </Trip>
    <Trip>
      <RouteIdentifier> 280</RouteIdentifier>
      <NoteCode></NoteCode>
      <SequenceNo>20</SequenceNo>
      <trp_route_public> 280</trp_route_public>
      <TimingPoint>
        <PositionInPattern>1</PositionInPattern>
        <PassingTime>2000-01-01T21:29:00.000</PassingTime>
        <NoteCode></NoteCode>
      </TimingPoint>
      <TimingPoint>
        <PositionInPattern>2</PositionInPattern>
        <PassingTime>2000-01-01T21:44:00.000</PassingTime>
        <NoteCode></NoteCode>
      </TimingPoint>
      <TimingPoint>
        <PositionInPattern>3</PositionInPattern>
        <PassingTime>2000-01-01T21:58:00.000</PassingTime>
        <NoteCode></NoteCode>
      </TimingPoint>
      <TimingPoint>
        <PositionInPattern>4</PositionInPattern>
        <PassingTime>2000-01-01T22:05:00.000</PassingTime>
        <NoteCode></NoteCode>
      </TimingPoint>
      <TimingPoint>
        <PositionInPattern>5</PositionInPattern>
        <PassingTime>2000-01-01T22:15:00.000</PassingTime>
        <NoteCode></NoteCode>
      </TimingPoint>
    </Trip>
    <Note>
      <Code>E</Code>
      <Description>Trip starts Airport Rd &amp; 94th SW 28 min. earlier</Description>
    </Note>
    <Note>
      <Code>b</Code>
      <Description>Trip ends at Main St. &amp; 18th St NE in Lake Stevens. No service to Granite Falls.</Description>
    </Note>
    <PttPlaceInfoPlace>
      <PlaceIdentifier>hwlom</PlaceIdentifier>
      <PositionInPattern>0</PositionInPattern>
    </PttPlaceInfoPlace>
    <PttPlaceInfoPlace>
      <PlaceIdentifier>evstB2</PlaceIdentifier>
      <PositionInPattern>1</PositionInPattern>
    </PttPlaceInfoPlace>
    <PttPlaceInfoPlace>
      <PlaceIdentifier>lkspr</PlaceIdentifier>
      <PositionInPattern>2</PositionInPattern>
    </PttPlaceInfoPlace>
    <PttPlaceInfoPlace>
      <PlaceIdentifier>main18</PlaceIdentifier>
      <PositionInPattern>3</PositionInPattern>
    </PttPlaceInfoPlace>
    <PttPlaceInfoPlace>
      <PlaceIdentifier>92147</PlaceIdentifier>
      <PositionInPattern>4</PositionInPattern>
    </PttPlaceInfoPlace>
    <PttPlaceInfoPlace>
      <PlaceIdentifier>grfls</PlaceIdentifier>
      <PositionInPattern>5</PositionInPattern>
    </PttPlaceInfoPlace>
  </PttPlaceInfo>
  <Place>
    <Identifier>grfls</Identifier>
    <Description>Granite &amp; Pioneer</Description>
  </Place>
  <Place>
    <Identifier>92147</Identifier>
    <Description>Hwy 92 &amp; 147th NE</Description>
  </Place>
  <Place>
    <Identifier>main18</Identifier>
    <Description>Main &amp; 18th NE</Description>
  </Place>
  <Place>
    <Identifier>lkspr</Identifier>
    <Description>Lake Stevens Transit Center</Description>
  </Place>
  <Place>
    <Identifier>evtst</Identifier>
    <Description>Everett Station</Description>
  </Place>
  <Place>
    <Identifier>hwlom</Identifier>
    <Description>Hewitt &amp; Lombard</Description>
  </Place>
  <Place>
    <Identifier>evstB2</Identifier>
    <Description>Everett Station Bay B2</Description>
  </Place>
</PublicTimeTable>