﻿<?xml version="1.0" encoding="utf-8"?>
<PublicTimeTable>
  <CurrentDate>2011-01-18</CurrentDate>
  <VehicleSchedule>
    <BookingIdentifier>11FEB</BookingIdentifier>
    <Name>1-201</Name>
    <Type>Weekday</Type>
    <Scenario>1</Scenario>
    <Description>CT Weekday Primary; eff. 03-20-11</Description>
    <DateStamp>2011-01-14</DateStamp>
    <TimeStamp>2000-01-01T14:37:53.000</TimeStamp>
  </VehicleSchedule>
  <Route>
    <Identifier>860</Identifier>
    <Description>McCollum Park P&amp;R - University District</Description>
    <PublicIdentifier>860</PublicIdentifier>
    <FirstDirectionName>University District</FirstDirectionName>
    <SecondDirectionName>McCollum Park Park &amp; Ride</SecondDirectionName>
  </Route>
  <PttPlaceInfo>
    <Identifier>860s</Identifier>
    <Description>860 s/b</Description>
    <ScheduleType>Weekday</ScheduleType>
    <DirectionName>University District</DirectionName>
    <Trip>
      <RouteIdentifier> 860</RouteIdentifier>
      <NoteCode></NoteCode>
      <SequenceNo>0</SequenceNo>
      <trp_route_public> 860</trp_route_public>
      <TimingPoint>
        <PositionInPattern>0</PositionInPattern>
        <PassingTime>2000-01-01T05:58:00.000</PassingTime>
        <NoteCode></NoteCode>
      </TimingPoint>
      <TimingPoint>
        <PositionInPattern>1</PositionInPattern>
        <PassingTime>2000-01-01T06:05:00.000</PassingTime>
        <NoteCode></NoteCode>
      </TimingPoint>
      <TimingPoint>
        <PositionInPattern>2</PositionInPattern>
        <PassingTime>2000-01-01T06:30:00.000</PassingTime>
        <NoteCode>e</NoteCode>
      </TimingPoint>
      <TimingPoint>
        <PositionInPattern>3</PositionInPattern>
        <PassingTime>2000-01-01T06:34:00.000</PassingTime>
        <NoteCode>e</NoteCode>
      </TimingPoint>
      <TimingPoint>
        <PositionInPattern>4</PositionInPattern>
        <PassingTime>2000-01-01T06:40:00.000</PassingTime>
        <NoteCode>e</NoteCode>
      </TimingPoint>
    </Trip>
    <Trip>
      <RouteIdentifier> 860</RouteIdentifier>
      <NoteCode></NoteCode>
      <SequenceNo>1</SequenceNo>
      <trp_route_public> 860</trp_route_public>
      <TimingPoint>
        <PositionInPattern>0</PositionInPattern>
        <PassingTime>2000-01-01T06:26:00.000</PassingTime>
        <NoteCode></NoteCode>
      </TimingPoint>
      <TimingPoint>
        <PositionInPattern>1</PositionInPattern>
        <PassingTime>2000-01-01T06:33:00.000</PassingTime>
        <NoteCode></NoteCode>
      </TimingPoint>
      <TimingPoint>
        <PositionInPattern>2</PositionInPattern>
        <PassingTime>2000-01-01T07:00:00.000</PassingTime>
        <NoteCode>e</NoteCode>
      </TimingPoint>
      <TimingPoint>
        <PositionInPattern>3</PositionInPattern>
        <PassingTime>2000-01-01T07:04:00.000</PassingTime>
        <NoteCode>e</NoteCode>
      </TimingPoint>
      <TimingPoint>
        <PositionInPattern>4</PositionInPattern>
        <PassingTime>2000-01-01T07:10:00.000</PassingTime>
        <NoteCode>e</NoteCode>
      </TimingPoint>
    </Trip>
    <Trip>
      <RouteIdentifier> 860</RouteIdentifier>
      <NoteCode></NoteCode>
      <SequenceNo>2</SequenceNo>
      <trp_route_public> 860</trp_route_public>
      <TimingPoint>
        <PositionInPattern>0</PositionInPattern>
        <PassingTime>2000-01-01T06:42:00.000</PassingTime>
        <NoteCode></NoteCode>
      </TimingPoint>
      <TimingPoint>
        <PositionInPattern>1</PositionInPattern>
        <PassingTime>2000-01-01T06:49:00.000</PassingTime>
        <NoteCode></NoteCode>
      </TimingPoint>
      <TimingPoint>
        <PositionInPattern>2</PositionInPattern>
        <PassingTime>2000-01-01T07:19:00.000</PassingTime>
        <NoteCode>e</NoteCode>
      </TimingPoint>
      <TimingPoint>
        <PositionInPattern>3</PositionInPattern>
        <PassingTime>2000-01-01T07:23:00.000</PassingTime>
        <NoteCode>e</NoteCode>
      </TimingPoint>
      <TimingPoint>
        <PositionInPattern>4</PositionInPattern>
        <PassingTime>2000-01-01T07:30:00.000</PassingTime>
        <NoteCode>e</NoteCode>
      </TimingPoint>
    </Trip>
    <Trip>
      <RouteIdentifier> 860</RouteIdentifier>
      <NoteCode></NoteCode>
      <SequenceNo>3</SequenceNo>
      <trp_route_public> 860</trp_route_public>
      <TimingPoint>
        <PositionInPattern>0</PositionInPattern>
        <PassingTime>2000-01-01T06:58:00.000</PassingTime>
        <NoteCode></NoteCode>
      </TimingPoint>
      <TimingPoint>
        <PositionInPattern>1</PositionInPattern>
        <PassingTime>2000-01-01T07:05:00.000</PassingTime>
        <NoteCode></NoteCode>
      </TimingPoint>
      <TimingPoint>
        <PositionInPattern>2</PositionInPattern>
        <PassingTime>2000-01-01T07:39:00.000</PassingTime>
        <NoteCode>e</NoteCode>
      </TimingPoint>
      <TimingPoint>
        <PositionInPattern>3</PositionInPattern>
        <PassingTime>2000-01-01T07:43:00.000</PassingTime>
        <NoteCode>e</NoteCode>
      </TimingPoint>
      <TimingPoint>
        <PositionInPattern>4</PositionInPattern>
        <PassingTime>2000-01-01T07:50:00.000</PassingTime>
        <NoteCode>e</NoteCode>
      </TimingPoint>
    </Trip>
    <Trip>
      <RouteIdentifier> 860</RouteIdentifier>
      <NoteCode></NoteCode>
      <SequenceNo>4</SequenceNo>
      <trp_route_public> 860</trp_route_public>
      <TimingPoint>
        <PositionInPattern>0</PositionInPattern>
        <PassingTime>2000-01-01T07:18:00.000</PassingTime>
        <NoteCode></NoteCode>
      </TimingPoint>
      <TimingPoint>
        <PositionInPattern>1</PositionInPattern>
        <PassingTime>2000-01-01T07:24:00.000</PassingTime>
        <NoteCode></NoteCode>
      </TimingPoint>
      <TimingPoint>
        <PositionInPattern>2</PositionInPattern>
        <PassingTime>2000-01-01T07:56:00.000</PassingTime>
        <NoteCode>e</NoteCode>
      </TimingPoint>
      <TimingPoint>
        <PositionInPattern>3</PositionInPattern>
        <PassingTime>2000-01-01T08:03:00.000</PassingTime>
        <NoteCode>e</NoteCode>
      </TimingPoint>
      <TimingPoint>
        <PositionInPattern>4</PositionInPattern>
        <PassingTime>2000-01-01T08:10:00.000</PassingTime>
        <NoteCode>e</NoteCode>
      </TimingPoint>
    </Trip>
    <Trip>
      <RouteIdentifier> 860</RouteIdentifier>
      <NoteCode></NoteCode>
      <SequenceNo>5</SequenceNo>
      <trp_route_public> 860</trp_route_public>
      <TimingPoint>
        <PositionInPattern>0</PositionInPattern>
        <PassingTime>2000-01-01T07:54:00.000</PassingTime>
        <NoteCode></NoteCode>
      </TimingPoint>
      <TimingPoint>
        <PositionInPattern>1</PositionInPattern>
        <PassingTime>2000-01-01T08:00:00.000</PassingTime>
        <NoteCode></NoteCode>
      </TimingPoint>
      <TimingPoint>
        <PositionInPattern>2</PositionInPattern>
        <PassingTime>2000-01-01T08:26:00.000</PassingTime>
        <NoteCode>e</NoteCode>
      </TimingPoint>
      <TimingPoint>
        <PositionInPattern>3</PositionInPattern>
        <PassingTime>2000-01-01T08:33:00.000</PassingTime>
        <NoteCode>e</NoteCode>
      </TimingPoint>
      <TimingPoint>
        <PositionInPattern>4</PositionInPattern>
        <PassingTime>2000-01-01T08:40:00.000</PassingTime>
        <NoteCode>e</NoteCode>
      </TimingPoint>
    </Trip>
    <Trip>
      <RouteIdentifier> 860</RouteIdentifier>
      <NoteCode></NoteCode>
      <SequenceNo>6</SequenceNo>
      <trp_route_public> 860</trp_route_public>
      <TimingPoint>
        <PositionInPattern>0</PositionInPattern>
        <PassingTime>2000-01-01T08:29:00.000</PassingTime>
        <NoteCode></NoteCode>
      </TimingPoint>
      <TimingPoint>
        <PositionInPattern>1</PositionInPattern>
        <PassingTime>2000-01-01T08:35:00.000</PassingTime>
        <NoteCode></NoteCode>
      </TimingPoint>
      <TimingPoint>
        <PositionInPattern>2</PositionInPattern>
        <PassingTime>2000-01-01T09:00:00.000</PassingTime>
        <NoteCode>e</NoteCode>
      </TimingPoint>
      <TimingPoint>
        <PositionInPattern>3</PositionInPattern>
        <PassingTime>2000-01-01T09:07:00.000</PassingTime>
        <NoteCode>e</NoteCode>
      </TimingPoint>
      <TimingPoint>
        <PositionInPattern>4</PositionInPattern>
        <PassingTime>2000-01-01T09:15:00.000</PassingTime>
        <NoteCode>e</NoteCode>
      </TimingPoint>
    </Trip>
    <Note>
      <Code>e</Code>
      <Description>Estimated time.</Description>
    </Note>
    <PttPlaceInfoPlace>
      <PlaceIdentifier>mcppr</PlaceIdentifier>
      <PositionInPattern>0</PositionInPattern>
    </PttPlaceInfoPlace>
    <PttPlaceInfoPlace>
      <PlaceIdentifier>marpr</PlaceIdentifier>
      <PositionInPattern>1</PositionInPattern>
    </PttPlaceInfoPlace>
    <PttPlaceInfoPlace>
      <PlaceIdentifier>45i5</PlaceIdentifier>
      <PositionInPattern>2</PositionInPattern>
    </PttPlaceInfoPlace>
    <PttPlaceInfoPlace>
      <PlaceIdentifier>stvme</PlaceIdentifier>
      <PositionInPattern>3</PositionInPattern>
    </PttPlaceInfoPlace>
    <PttPlaceInfoPlace>
      <PlaceIdentifier>1542</PlaceIdentifier>
      <PositionInPattern>4</PositionInPattern>
    </PttPlaceInfoPlace>
  </PttPlaceInfo>
  <PttPlaceInfo>
    <Identifier>860n</Identifier>
    <Description>860 n/b</Description>
    <ScheduleType>Weekday</ScheduleType>
    <DirectionName>McCollum Park Park &amp; Ride</DirectionName>
    <Trip>
      <RouteIdentifier> 860</RouteIdentifier>
      <NoteCode></NoteCode>
      <SequenceNo>0</SequenceNo>
      <trp_route_public> 860</trp_route_public>
      <TimingPoint>
        <PositionInPattern>0</PositionInPattern>
        <PassingTime>2000-01-01T12:30:00.000</PassingTime>
        <NoteCode></NoteCode>
      </TimingPoint>
      <TimingPoint>
        <PositionInPattern>1</PositionInPattern>
        <PassingTime>2000-01-01T12:37:00.000</PassingTime>
        <NoteCode></NoteCode>
      </TimingPoint>
      <TimingPoint>
        <PositionInPattern>2</PositionInPattern>
        <PassingTime>2000-01-01T12:45:00.000</PassingTime>
        <NoteCode>e</NoteCode>
      </TimingPoint>
      <TimingPoint>
        <PositionInPattern>3</PositionInPattern>
        <PassingTime>2000-01-01T13:02:00.000</PassingTime>
        <NoteCode>e</NoteCode>
      </TimingPoint>
      <TimingPoint>
        <PositionInPattern>4</PositionInPattern>
        <PassingTime>2000-01-01T13:08:00.000</PassingTime>
        <NoteCode>e</NoteCode>
      </TimingPoint>
      <TimingPoint>
        <PositionInPattern>5</PositionInPattern>
        <PassingTime>2000-01-01T13:12:00.000</PassingTime>
        <NoteCode>e</NoteCode>
      </TimingPoint>
    </Trip>
    <Trip>
      <RouteIdentifier> 860</RouteIdentifier>
      <NoteCode></NoteCode>
      <SequenceNo>1</SequenceNo>
      <trp_route_public> 860</trp_route_public>
      <TimingPoint>
        <PositionInPattern>0</PositionInPattern>
        <PassingTime>2000-01-01T13:32:00.000</PassingTime>
        <NoteCode></NoteCode>
      </TimingPoint>
      <TimingPoint>
        <PositionInPattern>1</PositionInPattern>
        <PassingTime>2000-01-01T13:39:00.000</PassingTime>
        <NoteCode></NoteCode>
      </TimingPoint>
      <TimingPoint>
        <PositionInPattern>2</PositionInPattern>
        <PassingTime>2000-01-01T13:49:00.000</PassingTime>
        <NoteCode>e</NoteCode>
      </TimingPoint>
      <TimingPoint>
        <PositionInPattern>3</PositionInPattern>
        <PassingTime>2000-01-01T14:06:00.000</PassingTime>
        <NoteCode>e</NoteCode>
      </TimingPoint>
      <TimingPoint>
        <PositionInPattern>4</PositionInPattern>
        <PassingTime>2000-01-01T14:12:00.000</PassingTime>
        <NoteCode>e</NoteCode>
      </TimingPoint>
      <TimingPoint>
        <PositionInPattern>5</PositionInPattern>
        <PassingTime>2000-01-01T14:17:00.000</PassingTime>
        <NoteCode>e</NoteCode>
      </TimingPoint>
    </Trip>
    <Trip>
      <RouteIdentifier> 860</RouteIdentifier>
      <NoteCode></NoteCode>
      <SequenceNo>2</SequenceNo>
      <trp_route_public> 860</trp_route_public>
      <TimingPoint>
        <PositionInPattern>0</PositionInPattern>
        <PassingTime>2000-01-01T14:30:00.000</PassingTime>
        <NoteCode></NoteCode>
      </TimingPoint>
      <TimingPoint>
        <PositionInPattern>1</PositionInPattern>
        <PassingTime>2000-01-01T14:37:00.000</PassingTime>
        <NoteCode></NoteCode>
      </TimingPoint>
      <TimingPoint>
        <PositionInPattern>2</PositionInPattern>
        <PassingTime>2000-01-01T14:48:00.000</PassingTime>
        <NoteCode>e</NoteCode>
      </TimingPoint>
      <TimingPoint>
        <PositionInPattern>3</PositionInPattern>
        <PassingTime>2000-01-01T15:07:00.000</PassingTime>
        <NoteCode>e</NoteCode>
      </TimingPoint>
      <TimingPoint>
        <PositionInPattern>4</PositionInPattern>
        <PassingTime>2000-01-01T15:13:00.000</PassingTime>
        <NoteCode>e</NoteCode>
      </TimingPoint>
      <TimingPoint>
        <PositionInPattern>5</PositionInPattern>
        <PassingTime>2000-01-01T15:18:00.000</PassingTime>
        <NoteCode>e</NoteCode>
      </TimingPoint>
    </Trip>
    <Trip>
      <RouteIdentifier> 860</RouteIdentifier>
      <NoteCode></NoteCode>
      <SequenceNo>3</SequenceNo>
      <trp_route_public> 860</trp_route_public>
      <TimingPoint>
        <PositionInPattern>0</PositionInPattern>
        <PassingTime>2000-01-01T15:37:00.000</PassingTime>
        <NoteCode></NoteCode>
      </TimingPoint>
      <TimingPoint>
        <PositionInPattern>1</PositionInPattern>
        <PassingTime>2000-01-01T15:45:00.000</PassingTime>
        <NoteCode></NoteCode>
      </TimingPoint>
      <TimingPoint>
        <PositionInPattern>2</PositionInPattern>
        <PassingTime>2000-01-01T15:56:00.000</PassingTime>
        <NoteCode>e</NoteCode>
      </TimingPoint>
      <TimingPoint>
        <PositionInPattern>3</PositionInPattern>
        <PassingTime>2000-01-01T16:21:00.000</PassingTime>
        <NoteCode>e</NoteCode>
      </TimingPoint>
      <TimingPoint>
        <PositionInPattern>4</PositionInPattern>
        <PassingTime>2000-01-01T16:27:00.000</PassingTime>
        <NoteCode>e</NoteCode>
      </TimingPoint>
      <TimingPoint>
        <PositionInPattern>5</PositionInPattern>
        <PassingTime>2000-01-01T16:33:00.000</PassingTime>
        <NoteCode>e</NoteCode>
      </TimingPoint>
    </Trip>
    <Trip>
      <RouteIdentifier> 860</RouteIdentifier>
      <NoteCode></NoteCode>
      <SequenceNo>4</SequenceNo>
      <trp_route_public> 860</trp_route_public>
      <TimingPoint>
        <PositionInPattern>0</PositionInPattern>
        <PassingTime>2000-01-01T15:58:00.000</PassingTime>
        <NoteCode></NoteCode>
      </TimingPoint>
      <TimingPoint>
        <PositionInPattern>1</PositionInPattern>
        <PassingTime>2000-01-01T16:06:00.000</PassingTime>
        <NoteCode></NoteCode>
      </TimingPoint>
      <TimingPoint>
        <PositionInPattern>2</PositionInPattern>
        <PassingTime>2000-01-01T16:17:00.000</PassingTime>
        <NoteCode>e</NoteCode>
      </TimingPoint>
      <TimingPoint>
        <PositionInPattern>3</PositionInPattern>
        <PassingTime>2000-01-01T16:42:00.000</PassingTime>
        <NoteCode>e</NoteCode>
      </TimingPoint>
      <TimingPoint>
        <PositionInPattern>4</PositionInPattern>
        <PassingTime>2000-01-01T16:48:00.000</PassingTime>
        <NoteCode>e</NoteCode>
      </TimingPoint>
      <TimingPoint>
        <PositionInPattern>5</PositionInPattern>
        <PassingTime>2000-01-01T16:54:00.000</PassingTime>
        <NoteCode>e</NoteCode>
      </TimingPoint>
    </Trip>
    <Trip>
      <RouteIdentifier> 860</RouteIdentifier>
      <NoteCode></NoteCode>
      <SequenceNo>5</SequenceNo>
      <trp_route_public> 860</trp_route_public>
      <TimingPoint>
        <PositionInPattern>0</PositionInPattern>
        <PassingTime>2000-01-01T16:26:00.000</PassingTime>
        <NoteCode></NoteCode>
      </TimingPoint>
      <TimingPoint>
        <PositionInPattern>1</PositionInPattern>
        <PassingTime>2000-01-01T16:34:00.000</PassingTime>
        <NoteCode></NoteCode>
      </TimingPoint>
      <TimingPoint>
        <PositionInPattern>2</PositionInPattern>
        <PassingTime>2000-01-01T16:45:00.000</PassingTime>
        <NoteCode>e</NoteCode>
      </TimingPoint>
      <TimingPoint>
        <PositionInPattern>3</PositionInPattern>
        <PassingTime>2000-01-01T17:14:00.000</PassingTime>
        <NoteCode>e</NoteCode>
      </TimingPoint>
      <TimingPoint>
        <PositionInPattern>4</PositionInPattern>
        <PassingTime>2000-01-01T17:20:00.000</PassingTime>
        <NoteCode>e</NoteCode>
      </TimingPoint>
      <TimingPoint>
        <PositionInPattern>5</PositionInPattern>
        <PassingTime>2000-01-01T17:26:00.000</PassingTime>
        <NoteCode>e</NoteCode>
      </TimingPoint>
    </Trip>
    <Trip>
      <RouteIdentifier> 860</RouteIdentifier>
      <NoteCode></NoteCode>
      <SequenceNo>6</SequenceNo>
      <trp_route_public> 860</trp_route_public>
      <TimingPoint>
        <PositionInPattern>0</PositionInPattern>
        <PassingTime>2000-01-01T16:43:00.000</PassingTime>
        <NoteCode></NoteCode>
      </TimingPoint>
      <TimingPoint>
        <PositionInPattern>1</PositionInPattern>
        <PassingTime>2000-01-01T16:51:00.000</PassingTime>
        <NoteCode></NoteCode>
      </TimingPoint>
      <TimingPoint>
        <PositionInPattern>2</PositionInPattern>
        <PassingTime>2000-01-01T17:02:00.000</PassingTime>
        <NoteCode>e</NoteCode>
      </TimingPoint>
      <TimingPoint>
        <PositionInPattern>3</PositionInPattern>
        <PassingTime>2000-01-01T17:30:00.000</PassingTime>
        <NoteCode>e</NoteCode>
      </TimingPoint>
      <TimingPoint>
        <PositionInPattern>4</PositionInPattern>
        <PassingTime>2000-01-01T17:36:00.000</PassingTime>
        <NoteCode>e</NoteCode>
      </TimingPoint>
      <TimingPoint>
        <PositionInPattern>5</PositionInPattern>
        <PassingTime>2000-01-01T17:42:00.000</PassingTime>
        <NoteCode>e</NoteCode>
      </TimingPoint>
    </Trip>
    <Trip>
      <RouteIdentifier> 860</RouteIdentifier>
      <NoteCode></NoteCode>
      <SequenceNo>7</SequenceNo>
      <trp_route_public> 860</trp_route_public>
      <TimingPoint>
        <PositionInPattern>0</PositionInPattern>
        <PassingTime>2000-01-01T17:06:00.000</PassingTime>
        <NoteCode></NoteCode>
      </TimingPoint>
      <TimingPoint>
        <PositionInPattern>1</PositionInPattern>
        <PassingTime>2000-01-01T17:14:00.000</PassingTime>
        <NoteCode></NoteCode>
      </TimingPoint>
      <TimingPoint>
        <PositionInPattern>2</PositionInPattern>
        <PassingTime>2000-01-01T17:24:00.000</PassingTime>
        <NoteCode>e</NoteCode>
      </TimingPoint>
      <TimingPoint>
        <PositionInPattern>3</PositionInPattern>
        <PassingTime>2000-01-01T17:51:00.000</PassingTime>
        <NoteCode>e</NoteCode>
      </TimingPoint>
      <TimingPoint>
        <PositionInPattern>4</PositionInPattern>
        <PassingTime>2000-01-01T17:57:00.000</PassingTime>
        <NoteCode>e</NoteCode>
      </TimingPoint>
      <TimingPoint>
        <PositionInPattern>5</PositionInPattern>
        <PassingTime>2000-01-01T18:03:00.000</PassingTime>
        <NoteCode>e</NoteCode>
      </TimingPoint>
    </Trip>
    <Trip>
      <RouteIdentifier> 860</RouteIdentifier>
      <NoteCode></NoteCode>
      <SequenceNo>8</SequenceNo>
      <trp_route_public> 860</trp_route_public>
      <TimingPoint>
        <PositionInPattern>0</PositionInPattern>
        <PassingTime>2000-01-01T17:38:00.000</PassingTime>
        <NoteCode></NoteCode>
      </TimingPoint>
      <TimingPoint>
        <PositionInPattern>1</PositionInPattern>
        <PassingTime>2000-01-01T17:45:00.000</PassingTime>
        <NoteCode></NoteCode>
      </TimingPoint>
      <TimingPoint>
        <PositionInPattern>2</PositionInPattern>
        <PassingTime>2000-01-01T17:55:00.000</PassingTime>
        <NoteCode>e</NoteCode>
      </TimingPoint>
      <TimingPoint>
        <PositionInPattern>3</PositionInPattern>
        <PassingTime>2000-01-01T18:20:00.000</PassingTime>
        <NoteCode>e</NoteCode>
      </TimingPoint>
      <TimingPoint>
        <PositionInPattern>4</PositionInPattern>
        <PassingTime>2000-01-01T18:26:00.000</PassingTime>
        <NoteCode>e</NoteCode>
      </TimingPoint>
      <TimingPoint>
        <PositionInPattern>5</PositionInPattern>
        <PassingTime>2000-01-01T18:31:00.000</PassingTime>
        <NoteCode>e</NoteCode>
      </TimingPoint>
    </Trip>
    <Note>
      <Code>e</Code>
      <Description>Estimated time.</Description>
    </Note>
    <PttPlaceInfoPlace>
      <PlaceIdentifier>stvme</PlaceIdentifier>
      <PositionInPattern>0</PositionInPattern>
    </PttPlaceInfoPlace>
    <PttPlaceInfoPlace>
      <PlaceIdentifier>1542</PlaceIdentifier>
      <PositionInPattern>1</PositionInPattern>
    </PttPlaceInfoPlace>
    <PttPlaceInfoPlace>
      <PlaceIdentifier>45i5</PlaceIdentifier>
      <PositionInPattern>2</PositionInPattern>
    </PttPlaceInfoPlace>
    <PttPlaceInfoPlace>
      <PlaceIdentifier>awypr</PlaceIdentifier>
      <PositionInPattern>3</PositionInPattern>
    </PttPlaceInfoPlace>
    <PttPlaceInfoPlace>
      <PlaceIdentifier>marpr</PlaceIdentifier>
      <PositionInPattern>4</PositionInPattern>
    </PttPlaceInfoPlace>
    <PttPlaceInfoPlace>
      <PlaceIdentifier>mcppr</PlaceIdentifier>
      <PositionInPattern>5</PositionInPattern>
    </PttPlaceInfoPlace>
  </PttPlaceInfo>
  <Place>
    <Identifier>mcppr</Identifier>
    <Description>McCollum Park Park &amp; Ride</Description>
  </Place>
  <Place>
    <Identifier>marpr</Identifier>
    <Description>Mariner Park &amp; Ride</Description>
  </Place>
  <Place>
    <Identifier>45i5</Identifier>
    <Description>NE 45th &amp; 7th NE</Description>
  </Place>
  <Place>
    <Identifier>stvme</Identifier>
    <Description>Stevens &amp; Memorial Way</Description>
  </Place>
  <Place>
    <Identifier>1542</Identifier>
    <Description>15th NE &amp; NE 42nd</Description>
  </Place>
  <Place>
    <Identifier>awypr</Identifier>
    <Description>Ash Way Park &amp; Ride</Description>
  </Place>
</PublicTimeTable>